work_year,salary_in_usd,experience_level,remote_status,country_iso3,gdp_per_capita_ppp,salary_to_gdp_ratio
2024,148100,Mid-Level,Fully Remote,USA,77860.9112908848,1.90210976913313
2024,98700,Mid-Level,Fully Remote,USA,77860.9112908848,1.2676450655870353
2024,140032,Senior-Level,Fully Remote,USA,77860.9112908848,1.7984890964973022
2024,100022,Senior-Level,Fully Remote,USA,77860.9112908848,1.2846240602851717
2024,120000,Mid-Level,Onsite,USA,77860.9112908848,1.5412098061848454
2024,62100,Mid-Level,Onsite,USA,77860.9112908848,0.7975760747006574
2024,250000,Entry-Level,Onsite,USA,77860.9112908848,3.2108537628850944
2024,150000,Entry-Level,Onsite,USA,77860.9112908848,1.9265122577310565
2024,219650,Executive-Level,Fully Remote,USA,77860.9112908848,2.821056116070844
2024,136000,Executive-Level,Fully Remote,USA,77860.9112908848,1.7467044470094912
2024,87800,Mid-Level,Onsite,USA,77860.9112908848,1.1276518415252452
2024,76300,Mid-Level,Onsite,USA,77860.9112908848,0.9799525684325308
2024,145500,Mid-Level,Onsite,USA,77860.9112908848,1.8687168899991249
2024,93000,Mid-Level,Onsite,USA,77860.9112908848,1.194437599793255
2024,85000,Mid-Level,Onsite,USA,77860.9112908848,1.091690279380932
2024,75000,Mid-Level,Onsite,USA,77860.9112908848,0.9632561288655282
2024,105000,Mid-Level,Onsite,USA,77860.9112908848,1.3485585804117397
2024,70000,Mid-Level,Onsite,USA,77860.9112908848,0.8990390536078264
2024,204662,Senior-Level,Onsite,USA,77860.9112908848,2.6285590112783566
2024,184662,Senior-Level,Onsite,USA,77860.9112908848,2.3716907102475493
2024,179000,Mid-Level,Onsite,USA,77860.9112908848,2.2989712942257277
2024,112000,Mid-Level,Onsite,USA,77860.9112908848,1.4384624857725223
2024,115000,Entry-Level,Onsite,USA,77860.9112908848,1.4769927309271433
2024,85000,Entry-Level,Onsite,USA,77860.9112908848,1.091690279380932
2024,225000,Executive-Level,Onsite,USA,77860.9112908848,2.889768386596585
2024,180000,Executive-Level,Onsite,USA,77860.9112908848,2.311814709277268
2024,175000,Senior-Level,Onsite,USA,77860.9112908848,2.247597634019566
2024,110000,Senior-Level,Onsite,USA,77860.9112908848,1.4127756556694415
2024,252000,Senior-Level,Onsite,USA,77860.9112908848,3.236540592988175
2024,157500,Senior-Level,Onsite,USA,77860.9112908848,2.0228378706176096
2024,267900,Senior-Level,Onsite,USA,77860.9112908848,3.4407508923076673
2024,234700,Senior-Level,Onsite,USA,77860.9112908848,3.0143495125965267
2024,195500,Entry-Level,Onsite,USA,77860.9112908848,2.5108876425761437
2024,68000,Entry-Level,Onsite,USA,77860.9112908848,0.8733522235047456
2024,120000,Senior-Level,Fully Remote,USA,77860.9112908848,1.5412098061848454
2024,90000,Senior-Level,Fully Remote,USA,77860.9112908848,1.155907354638634
2024,242000,Senior-Level,Onsite,USA,77860.9112908848,3.108106442472771
2024,106200,Senior-Level,Onsite,USA,77860.9112908848,1.363970678473588
2024,215000,Senior-Level,Onsite,USA,77860.9112908848,2.761334236081181
2024,146900,Senior-Level,Onsite,USA,77860.9112908848,1.8866976710712815
2024,222200,Mid-Level,Onsite,USA,77860.9112908848,2.853806824452272
2024,136000,Mid-Level,Onsite,USA,77860.9112908848,1.7467044470094912
2024,246000,Mid-Level,Fully Remote,USA,77860.9112908848,3.1594801026789328
2024,190000,Mid-Level,Fully Remote,USA,77860.9112908848,2.4402488597926717
2024,165000,Mid-Level,Fully Remote,USA,77860.9112908848,2.1191634835041624
2024,129600,Mid-Level,Fully Remote,USA,77860.9112908848,1.6645065906796328
2024,200400,Mid-Level,Onsite,USA,77860.9112908848,2.5738203763286918
2024,126900,Mid-Level,Onsite,USA,77860.9112908848,1.6298293700404738
2024,322000,Senior-Level,Fully Remote,USA,77860.9112908848,4.1355796465960015
2024,230000,Senior-Level,Fully Remote,USA,77860.9112908848,2.9539854618542867
2024,175520,Senior-Level,Onsite,USA,77860.9112908848,2.254276209846367
2024,103786,Senior-Level,Onsite,USA,77860.9112908848,1.3329666745391695
2024,170000,Senior-Level,Fully Remote,USA,77860.9112908848,2.183380558761864
2024,130000,Senior-Level,Fully Remote,USA,77860.9112908848,1.669643956700249
2024,195000,Senior-Level,Onsite,USA,77860.9112908848,2.5044659350503737
2024,170400,Mid-Level,Fully Remote,USA,77860.9112908848,2.1885179247824804
2024,106500,Mid-Level,Fully Remote,USA,77860.9112908848,1.36782370298905
2024,134500,Mid-Level,Onsite,USA,77860.9112908848,1.7274393244321808
2024,100000,Mid-Level,Onsite,USA,77860.9112908848,1.2843415051540377
2024,159000,Mid-Level,Onsite,USA,77860.9112908848,2.04210299319492
2024,111300,Mid-Level,Onsite,USA,77860.9112908848,1.429472095236444
2024,173400,Mid-Level,Onsite,USA,77860.9112908848,2.2270481699371016
2024,99100,Mid-Level,Onsite,USA,77860.9112908848,1.2727824316076515
2024,185000,Senior-Level,Onsite,USA,77860.9112908848,2.3760317845349697
2024,79600,Senior-Level,Onsite,USA,77860.9112908848,1.022335838102614
2024,323700,Executive-Level,Fully Remote,USA,77860.9112908848,4.15741345218362
2024,190500,Executive-Level,Fully Remote,USA,77860.9112908848,2.4466705673184417
2024,218000,Senior-Level,Onsite,USA,77860.9112908848,2.7998644812358022
2024,145000,Senior-Level,Onsite,USA,77860.9112908848,1.8622951824733547
2024,258100,Senior-Level,Onsite,USA,77860.9112908848,3.314885424802571
2024,151900,Senior-Level,Onsite,USA,77860.9112908848,1.9509147463289833
2024,106500,Mid-Level,Onsite,USA,77860.9112908848,1.36782370298905
2024,212800,Mid-Level,Onsite,USA,77860.9112908848,2.733078722967792
2024,111600,Mid-Level,Onsite,USA,77860.9112908848,1.4333251197519061
2024,166700,Senior-Level,Fully Remote,USA,77860.9112908848,2.1409972890917808
2024,150000,Senior-Level,Fully Remote,USA,77860.9112908848,1.9265122577310565
2024,220000,Senior-Level,Onsite,USA,77860.9112908848,2.825551311338883
2024,170000,Senior-Level,Onsite,USA,77860.9112908848,2.183380558761864
2024,418000,Senior-Level,Fully Remote,USA,77860.9112908848,5.368547491543878
2024,141000,Senior-Level,Fully Remote,USA,77860.9112908848,1.8109215222671933
2024,440000,Senior-Level,Onsite,USA,77860.9112908848,5.651102622677766
2024,100000,Senior-Level,Onsite,USA,77860.9112908848,1.2843415051540377
2024,260000,Executive-Level,Hybrid,USA,77860.9112908848,3.339287913400498
2024,246100,Executive-Level,Onsite,USA,77860.9112908848,3.1607644441840868
2024,181900,Executive-Level,Onsite,USA,77860.9112908848,2.3362171978751944
2024,91000,Entry-Level,Onsite,USA,77860.9112908848,1.1687507696901744
2024,70000,Entry-Level,Onsite,USA,77860.9112908848,0.8990390536078264
2024,177500,Executive-Level,Onsite,USA,77860.9112908848,2.279706171648417
2024,117500,Executive-Level,Onsite,USA,77860.9112908848,1.5091012685559944
2024,95000,Entry-Level,Onsite,USA,77860.9112908848,1.2201244298963358
2024,258720,Senior-Level,Onsite,USA,77860.9112908848,3.3228483421345265
2024,160000,Senior-Level,Onsite,USA,77860.9112908848,2.0549464082464604
2024,154800,Mid-Level,Onsite,USA,77860.9112908848,1.9881606499784503
2024,170200,Mid-Level,Onsite,USA,77860.9112908848,2.1859492417721724
2024,83900,Mid-Level,Onsite,USA,77860.9112908848,1.0775625228242376
2024,205000,Senior-Level,Fully Remote,USA,77860.9112908848,2.6329000855657774
2024,165000,Senior-Level,Fully Remote,USA,77860.9112908848,2.1191634835041624
2024,250000,Mid-Level,Onsite,USA,77860.9112908848,3.2108537628850944
2024,131600,Mid-Level,Onsite,USA,77860.9112908848,1.6901934207827136
2024,240000,Senior-Level,Onsite,USA,77860.9112908848,3.0824196123696908
2024,187000,Senior-Level,Onsite,USA,77860.9112908848,2.4017186146380505
2024,134600,Mid-Level,Onsite,USA,77860.9112908848,1.7287236659373348
2024,103000,Mid-Level,Onsite,USA,77860.9112908848,1.322871750308659
2024,324000,Senior-Level,Onsite,USA,77860.9112908848,4.161266476699082
2024,159000,Senior-Level,Onsite,USA,77860.9112908848,2.04210299319492
2024,385000,Senior-Level,Onsite,USA,77860.9112908848,4.944714794843045
2024,245000,Senior-Level,Onsite,USA,77860.9112908848,3.1466366876273923
2024,385000,Mid-Level,Onsite,USA,77860.9112908848,4.944714794843045
2024,245000,Mid-Level,Onsite,USA,77860.9112908848,3.1466366876273923
2024,214300,Mid-Level,Onsite,USA,77860.9112908848,2.752343845545103
2024,108500,Mid-Level,Onsite,USA,77860.9112908848,1.393510533092131
2024,245700,Senior-Level,Onsite,USA,77860.9112908848,3.1556270781634708
2024,132300,Senior-Level,Onsite,USA,77860.9112908848,1.6991838113187918
2024,80000,Mid-Level,Onsite,USA,77860.9112908848,1.0274732041232302
2024,73000,Mid-Level,Onsite,USA,77860.9112908848,0.9375692987624475
2024,263500,Senior-Level,Fully Remote,USA,77860.9112908848,3.3842398660808892
2024,189360,Senior-Level,Fully Remote,USA,77860.9112908848,2.432029074159686
2024,175000,Senior-Level,Fully Remote,USA,77860.9112908848,2.247597634019566
2024,125000,Senior-Level,Fully Remote,USA,77860.9112908848,1.6054268814425472
2024,175762,Executive-Level,Onsite,USA,77860.9112908848,2.2573843162888396
2024,97254,Executive-Level,Onsite,USA,77860.9112908848,1.2490734874225078
2024,218213,Senior-Level,Fully Remote,USA,77860.9112908848,2.8026001286417803
2024,178538,Senior-Level,Fully Remote,USA,77860.9112908848,2.293037636471916
2024,440000,Mid-Level,Onsite,USA,77860.9112908848,5.651102622677766
2024,295000,Mid-Level,Onsite,USA,77860.9112908848,3.7888074402044114
2024,118600,Mid-Level,Onsite,USA,77860.9112908848,1.5232290251126888
2024,96800,Mid-Level,Onsite,USA,77860.9112908848,1.2432425769891084
2024,198800,Mid-Level,Onsite,USA,77860.9112908848,2.553270912246227
2024,90700,Mid-Level,Onsite,USA,77860.9112908848,1.1648977451747122
2024,115000,Senior-Level,Onsite,USA,77860.9112908848,1.4769927309271433
2024,269100,Senior-Level,Onsite,USA,77860.9112908848,3.4561629903695157
2024,131300,Senior-Level,Onsite,USA,77860.9112908848,1.6863403962672516
2024,99900,Entry-Level,Onsite,USA,77860.9112908848,1.2830571636488837
2024,83000,Entry-Level,Onsite,USA,77860.9112908848,1.0660034492778514
2024,240960,Mid-Level,Onsite,USA,77860.9112908848,3.0947492908191694
2024,190000,Mid-Level,Onsite,USA,77860.9112908848,2.4402488597926717
2024,178600,Senior-Level,Onsite,USA,77860.9112908848,2.2938339282051112
2024,67200,Senior-Level,Onsite,USA,77860.9112908848,0.8630774914635133
2024,169000,Senior-Level,Fully Remote,USA,77860.9112908848,2.1705371437103236
2024,450000,Senior-Level,Onsite,USA,77860.9112908848,5.77953677319317
2024,99500,Senior-Level,Onsite,USA,77860.9112908848,1.2779197976282675
2024,53300,Senior-Level,Onsite,USA,77860.9112908848,0.6845540222471022
2024,240960,Senior-Level,Onsite,USA,77860.9112908848,3.0947492908191694
2024,200800,Senior-Level,Onsite,USA,77860.9112908848,2.5789577423493077
2024,125000,Mid-Level,Fully Remote,USA,77860.9112908848,1.6054268814425472
2024,115000,Mid-Level,Fully Remote,USA,77860.9112908848,1.4769927309271433
2024,261050,Senior-Level,Onsite,USA,77860.9112908848,3.3527734992046154
2024,331640,Senior-Level,Onsite,USA,77860.9112908848,4.2593901676928505
2024,283780,Senior-Level,Onsite,USA,77860.9112908848,3.6447043233261285
2024,146500,Senior-Level,Onsite,USA,77860.9112908848,1.8815603050506653
2024,96000,Senior-Level,Onsite,USA,77860.9112908848,1.2329678449478763
2024,235000,Senior-Level,Onsite,USA,77860.9112908848,3.0182025371119887
2024,140400,Mid-Level,Fully Remote,USA,77860.9112908848,1.803215473236269
2024,90000,Mid-Level,Fully Remote,USA,77860.9112908848,1.155907354638634
2024,76300,Senior-Level,Onsite,USA,77860.9112908848,0.9799525684325308
2024,260000,Senior-Level,Onsite,USA,77860.9112908848,3.339287913400498
2024,225000,Senior-Level,Onsite,USA,77860.9112908848,2.889768386596585
2024,165000,Senior-Level,Onsite,USA,77860.9112908848,2.1191634835041624
2024,137000,Senior-Level,Onsite,USA,77860.9112908848,1.7595478620610316
2024,136000,Senior-Level,Onsite,USA,77860.9112908848,1.7467044470094912
2024,296100,Senior-Level,Onsite,USA,77860.9112908848,3.802935196761106
2024,144500,Senior-Level,Onsite,USA,77860.9112908848,1.8558734749475845
2024,278700,Senior-Level,Onsite,USA,77860.9112908848,3.5794597748643033
2024,159300,Senior-Level,Onsite,USA,77860.9112908848,2.045956017710382
2024,206000,Senior-Level,Fully Remote,USA,77860.9112908848,2.645743500617318
2024,140250,Senior-Level,Fully Remote,USA,77860.9112908848,1.8012889609785379
2024,180000,Senior-Level,Onsite,USA,77860.9112908848,2.311814709277268
2024,140000,Senior-Level,Onsite,USA,77860.9112908848,1.7980781072156529
2024,116800,Senior-Level,Onsite,USA,77860.9112908848,1.5001108780199162
2024,87600,Senior-Level,Onsite,USA,77860.9112908848,1.125083158514937
2024,125000,Senior-Level,Onsite,USA,77860.9112908848,1.6054268814425472
2024,283500,Senior-Level,Onsite,USA,77860.9112908848,3.641108167111697
2024,149000,Senior-Level,Onsite,USA,77860.9112908848,1.9136688426795163
2024,357900,Senior-Level,Onsite,USA,77860.9112908848,4.596658246946301
2024,189400,Senior-Level,Onsite,USA,77860.9112908848,2.4325428107617473
2024,212000,Senior-Level,Onsite,USA,77860.9112908848,2.72280399092656
2024,93400,Senior-Level,Onsite,USA,77860.9112908848,1.1995749658138712
2024,128656,Senior-Level,Onsite,USA,77860.9112908848,1.6523824068709787
2024,103330,Senior-Level,Onsite,USA,77860.9112908848,1.3271100772756672
2024,250900,Senior-Level,Onsite,USA,77860.9112908848,3.222412836431481
2024,135200,Senior-Level,Onsite,USA,77860.9112908848,1.736429714968259
2024,414000,Senior-Level,Onsite,USA,77860.9112908848,5.317173831337716
2024,216000,Senior-Level,Onsite,USA,77860.9112908848,2.7741776511327214
2024,69000,Mid-Level,Onsite,USA,77860.9112908848,0.886195638556286
2024,51000,Mid-Level,Onsite,USA,77860.9112908848,0.6550141676285592
2024,109000,Senior-Level,Onsite,USA,77860.9112908848,1.3999322406179011
2024,62300,Senior-Level,Onsite,USA,77860.9112908848,0.8001447577109655
2024,134160,Mid-Level,Onsite,USA,77860.9112908848,1.723072563314657
2024,72240,Mid-Level,Onsite,USA,77860.9112908848,0.9278083033232769
2024,90500,Mid-Level,Onsite,USA,77860.9112908848,1.1623290621644042
2024,42400,Mid-Level,Onsite,USA,77860.9112908848,0.544560798185312
2024,381500,Senior-Level,Onsite,USA,77860.9112908848,4.899762842162654
2024,202500,Senior-Level,Onsite,USA,77860.9112908848,2.6007915479369266
2024,257000,Senior-Level,Onsite,USA,77860.9112908848,3.300757668245877
2024,129000,Senior-Level,Onsite,USA,77860.9112908848,1.6568005416487086
2024,120000,Entry-Level,Fully Remote,USA,77860.9112908848,1.5412098061848454
2024,100000,Entry-Level,Fully Remote,USA,77860.9112908848,1.2843415051540377
2024,80000,Entry-Level,Onsite,USA,77860.9112908848,1.0274732041232302
2024,45700,Entry-Level,Onsite,USA,77860.9112908848,0.5869440678553952
2024,138000,Senior-Level,Onsite,USA,77860.9112908848,1.772391277112572
2024,86000,Senior-Level,Onsite,USA,77860.9112908848,1.1045336944324724
2024,152000,Senior-Level,Onsite,USA,77860.9112908848,1.9521990878341373
2024,133200,Senior-Level,Onsite,USA,77860.9112908848,1.7107428848651782
2024,135000,Senior-Level,Onsite,USA,77860.9112908848,1.733861031957951
2024,120000,Senior-Level,Onsite,USA,77860.9112908848,1.5412098061848454
2024,150000,Senior-Level,Onsite,USA,77860.9112908848,1.9265122577310565
2024,95000,Mid-Level,Onsite,USA,77860.9112908848,1.2201244298963358
2024,134200,Senior-Level,Fully Remote,USA,77860.9112908848,1.7235862999167186
2024,117000,Senior-Level,Fully Remote,USA,77860.9112908848,1.5026795610302242
2024,234000,Senior-Level,Onsite,USA,77860.9112908848,3.0053591220604483
2024,146000,Senior-Level,Onsite,USA,77860.9112908848,1.875138597524895
2024,75065,Entry-Level,Fully Remote,USA,77860.9112908848,0.9640909508438784
2024,41419,Entry-Level,Fully Remote,USA,77860.9112908848,0.5319614080197509
2024,107800,Mid-Level,Onsite,USA,77860.9112908848,1.3845201425560527
2024,61600,Mid-Level,Onsite,USA,77860.9112908848,0.7911543671748873
2024,80000,Entry-Level,Fully Remote,USA,77860.9112908848,1.0274732041232302
2024,75000,Entry-Level,Fully Remote,USA,77860.9112908848,0.9632561288655282
2024,179000,Senior-Level,Onsite,USA,77860.9112908848,2.2989712942257277
2024,112000,Senior-Level,Onsite,USA,77860.9112908848,1.4384624857725223
2024,247300,Senior-Level,Onsite,USA,77860.9112908848,3.176176542245935
2024,139700,Senior-Level,Onsite,USA,77860.9112908848,1.7942250827001907
2024,93000,Entry-Level,Onsite,USA,77860.9112908848,1.194437599793255
2024,65750,Entry-Level,Onsite,USA,77860.9112908848,0.8444545396387798
2024,130000,Mid-Level,Onsite,USA,77860.9112908848,1.669643956700249
2024,90800,Mid-Level,Onsite,USA,77860.9112908848,1.1661820866798662
2024,166000,Mid-Level,Onsite,USA,77860.9112908848,2.132006898555703
2024,73100,Mid-Level,Onsite,USA,77860.9112908848,0.9388536402676015
2024,186754,Senior-Level,Onsite,USA,77860.9112908848,2.398559134535372
2024,101000,Senior-Level,Onsite,USA,77860.9112908848,1.297184920205578
2024,80000,Senior-Level,Onsite,USA,77860.9112908848,1.0274732041232302
2024,67500,Senior-Level,Onsite,USA,77860.9112908848,0.8669305159789755
2024,106050,Mid-Level,Onsite,USA,77860.9112908848,1.362044166215857
2024,80420,Mid-Level,Onsite,USA,77860.9112908848,1.032867438444877
2024,179000,Entry-Level,Onsite,USA,77860.9112908848,2.2989712942257277
2024,112000,Entry-Level,Onsite,USA,77860.9112908848,1.4384624857725223
2024,186000,Senior-Level,Onsite,USA,77860.9112908848,2.38887519958651
2024,81800,Senior-Level,Onsite,USA,77860.9112908848,1.0505913512160028
2024,94100,Senior-Level,Onsite,USA,77860.9112908848,1.2085653563499494
2024,215000,Executive-Level,Onsite,USA,77860.9112908848,2.761334236081181
2024,303400,Senior-Level,Fully Remote,USA,77860.9112908848,3.8966921266373507
2024,216700,Senior-Level,Fully Remote,USA,77860.9112908848,2.7831680416688
2024,110000,Senior-Level,Fully Remote,USA,77860.9112908848,1.4127756556694415
2024,115000,Mid-Level,Onsite,USA,77860.9112908848,1.4769927309271433
2024,195000,Senior-Level,Fully Remote,USA,77860.9112908848,2.5044659350503737
2024,295000,Senior-Level,Onsite,USA,77860.9112908848,3.7888074402044114
2024,152375,Senior-Level,Fully Remote,USA,77860.9112908848,1.957015368478465
2024,94000,Senior-Level,Fully Remote,USA,77860.9112908848,1.2072810148447954
2024,180000,Senior-Level,Fully Remote,USA,77860.9112908848,2.311814709277268
2024,218000,Mid-Level,Onsite,USA,77860.9112908848,2.7998644812358022
2024,152600,Mid-Level,Onsite,USA,77860.9112908848,1.9599051368650615
2024,750000,Mid-Level,Onsite,USA,77860.9112908848,9.632561288655284
2024,150000,Mid-Level,Onsite,USA,77860.9112908848,1.9265122577310565
2024,136197,Senior-Level,Onsite,USA,77860.9112908848,1.7492345997746448
2024,179000,Executive-Level,Onsite,USA,77860.9112908848,2.2989712942257277
2024,112000,Executive-Level,Onsite,USA,77860.9112908848,1.4384624857725223
2024,175100,Mid-Level,Onsite,USA,77860.9112908848,2.24888197552472
2024,82915,Mid-Level,Onsite,USA,77860.9112908848,1.0649117589984705
2024,116550,Mid-Level,Onsite,USA,77860.9112908848,1.496900024257031
2024,79200,Mid-Level,Onsite,USA,77860.9112908848,1.017198472081998
2024,168000,Mid-Level,Fully Remote,USA,77860.9112908848,2.157693728658783
2024,120000,Mid-Level,Fully Remote,USA,77860.9112908848,1.5412098061848454
2024,210000,Senior-Level,Onsite,USA,77860.9112908848,2.6971171608234794
2024,116000,Senior-Level,Onsite,USA,77860.9112908848,1.4898361459786837
2024,90000,Senior-Level,Onsite,USA,77860.9112908848,1.155907354638634
2024,247600,Senior-Level,Onsite,USA,77860.9112908848,3.1800295667613976
2024,127300,Senior-Level,Onsite,USA,77860.9112908848,1.63496673606109
2024,190600,Senior-Level,Fully Remote,USA,77860.9112908848,2.447954908823596
2024,94400,Senior-Level,Fully Remote,USA,77860.9112908848,1.2124183808654116
2024,720000,Mid-Level,Onsite,USA,77860.9112908848,9.247258837109072
2024,171000,Senior-Level,Onsite,USA,77860.9112908848,2.1962239738134044
2024,93000,Senior-Level,Onsite,USA,77860.9112908848,1.194437599793255
2024,104000,Senior-Level,Onsite,USA,77860.9112908848,1.3357151653601993
2024,158000,Mid-Level,Onsite,USA,77860.9112908848,2.0292595781433795
2024,106000,Mid-Level,Onsite,USA,77860.9112908848,1.36140199546328
2024,140130,Senior-Level,Onsite,USA,77860.9112908848,1.799747751172353
2024,84870,Senior-Level,Onsite,USA,77860.9112908848,1.0900206354242319
2024,220000,Senior-Level,Fully Remote,USA,77860.9112908848,2.825551311338883
2024,117750,Mid-Level,Onsite,USA,77860.9112908848,1.5123121223188793
2024,70650,Mid-Level,Onsite,USA,77860.9112908848,0.9073872733913276
2024,233200,Senior-Level,Onsite,USA,77860.9112908848,2.995084390019216
2024,144200,Senior-Level,Onsite,USA,77860.9112908848,1.8520204504321225
2024,247500,Senior-Level,Onsite,USA,77860.9112908848,3.1787452252562436
2024,172200,Senior-Level,Onsite,USA,77860.9112908848,2.211636071875253
2024,138000,Mid-Level,Onsite,USA,77860.9112908848,1.772391277112572
2024,86000,Mid-Level,Onsite,USA,77860.9112908848,1.1045336944324724
2024,92000,Mid-Level,Onsite,USA,77860.9112908848,1.1815941847417146
2024,70000,Senior-Level,Fully Remote,USA,77860.9112908848,0.8990390536078264
2024,127000,Senior-Level,Onsite,USA,77860.9112908848,1.631113711545628
2024,72600,Senior-Level,Onsite,USA,77860.9112908848,0.9324319327418314
2024,70000,Entry-Level,Fully Remote,USA,77860.9112908848,0.8990390536078264
2024,50000,Entry-Level,Fully Remote,USA,77860.9112908848,0.6421707525770188
2024,71000,Entry-Level,Onsite,USA,77860.9112908848,0.9118824686593668
2024,198650,Senior-Level,Onsite,USA,77860.9112908848,2.551344399988496
2024,92700,Entry-Level,Fully Remote,USA,77860.9112908848,1.190584575277793
2024,64900,Entry-Level,Fully Remote,USA,77860.9112908848,0.8335376368449705
2024,81713,Mid-Level,Fully Remote,USA,77860.9112908848,1.0494739741065189
2024,48067,Mid-Level,Fully Remote,USA,77860.9112908848,0.6173444312823914
2024,111800,Senior-Level,Onsite,USA,77860.9112908848,1.4358938027622141
2024,68195,Senior-Level,Onsite,USA,77860.9112908848,0.875856689439796
2024,132000,Senior-Level,Onsite,USA,77860.9112908848,1.6953307868033298
2024,82500,Senior-Level,Onsite,USA,77860.9112908848,1.0595817417520812
2024,140000,Mid-Level,Onsite,USA,77860.9112908848,1.7980781072156529
2024,85000,Mid-Level,Fully Remote,USA,77860.9112908848,1.091690279380932
2024,61800,Mid-Level,Fully Remote,USA,77860.9112908848,0.7937230501851953
2024,129118,Mid-Level,Onsite,USA,77860.9112908848,1.6583160646247905
2024,86078,Mid-Level,Onsite,USA,77860.9112908848,1.1055354808064926
2024,97000,Mid-Level,Onsite,USA,77860.9112908848,1.2458112599994167
2024,62000,Mid-Level,Onsite,USA,77860.9112908848,0.7962917331955034
2024,237000,Mid-Level,Fully Remote,USA,77860.9112908848,3.0438893672150695
2024,201450,Mid-Level,Fully Remote,USA,77860.9112908848,2.587305962132809
2024,97000,Senior-Level,Onsite,USA,77860.9112908848,1.2458112599994167
2024,62000,Senior-Level,Onsite,USA,77860.9112908848,0.7962917331955034
2024,253000,Senior-Level,Onsite,USA,77860.9112908848,3.2493840080397156
2024,250000,Senior-Level,Onsite,USA,77860.9112908848,3.2108537628850944
2024,184000,Mid-Level,Onsite,USA,77860.9112908848,2.3631883694834293
2024,123000,Mid-Level,Onsite,USA,77860.9112908848,1.5797400513394664
2024,184000,Senior-Level,Onsite,USA,77860.9112908848,2.3631883694834293
2024,123000,Senior-Level,Onsite,USA,77860.9112908848,1.5797400513394664
2024,317000,Senior-Level,Onsite,USA,77860.9112908848,4.0713625713383
2024,266000,Senior-Level,Onsite,USA,77860.9112908848,3.4163484037097405
2024,229000,Senior-Level,Onsite,USA,77860.9112908848,2.9411420468027463
2024,221000,Senior-Level,Onsite,USA,77860.9112908848,2.8383947263904235
2024,210000,Senior-Level,Fully Remote,USA,77860.9112908848,2.6971171608234794
2024,162000,Senior-Level,Fully Remote,USA,77860.9112908848,2.080633238349541
2024,198000,Senior-Level,Onsite,USA,77860.9112908848,2.5429961802049945
2024,162000,Senior-Level,Onsite,USA,77860.9112908848,2.080633238349541
2024,300000,Senior-Level,Onsite,USA,77860.9112908848,3.853024515462113
2024,68088,Mid-Level,Onsite,USA,77860.9112908848,0.8744824440292812
2024,54552,Mid-Level,Onsite,USA,77860.9112908848,0.7006339778916306
2024,99000,Mid-Level,Onsite,USA,77860.9112908848,1.2714980901024973
2024,110000,Mid-Level,Fully Remote,USA,77860.9112908848,1.4127756556694415
2024,60000,Mid-Level,Onsite,USA,77860.9112908848,0.7706049030924227
2024,55000,Mid-Level,Onsite,USA,77860.9112908848,0.7063878278347208
2024,116013,Entry-Level,Onsite,USA,77860.9112908848,1.4900031103743538
2024,92810,Entry-Level,Onsite,USA,77860.9112908848,1.1919973509334625
2024,200000,Senior-Level,Onsite,USA,77860.9112908848,2.5686830103080753
2024,146100,Mid-Level,Onsite,USA,77860.9112908848,1.876422939030049
2024,86500,Mid-Level,Onsite,USA,77860.9112908848,1.1109554019582426
2024,96600,Senior-Level,Onsite,USA,77860.9112908848,1.2406738939788005
2024,209300,Senior-Level,Onsite,USA,77860.9112908848,2.688126770287401
2024,118300,Senior-Level,Onsite,USA,77860.9112908848,1.5193760005972266
2024,140000,Senior-Level,Fully Remote,USA,77860.9112908848,1.7980781072156529
2024,97200,Senior-Level,Fully Remote,USA,77860.9112908848,1.2483799430097247
2024,308000,Mid-Level,Onsite,USA,77860.9112908848,3.9557718358744363
2024,193000,Mid-Level,Onsite,USA,77860.9112908848,2.478779104947293
2024,126480,Senior-Level,Onsite,USA,77860.9112908848,1.624435135718827
2024,82620,Senior-Level,Onsite,USA,77860.9112908848,1.061122951558266
2024,140025,Mid-Level,Fully Remote,USA,77860.9112908848,1.7983991925919414
2024,102300,Mid-Level,Fully Remote,USA,77860.9112908848,1.3138813597725807
2024,81500,Mid-Level,Fully Remote,USA,77860.9112908848,1.0467383267005408
2024,75000,Mid-Level,Fully Remote,USA,77860.9112908848,0.9632561288655282
2024,106875,Senior-Level,Onsite,USA,77860.9112908848,1.3726399836333778
2024,71250,Senior-Level,Onsite,USA,77860.9112908848,0.9150933224222518
2024,245000,Mid-Level,Fully Remote,USA,77860.9112908848,3.1466366876273923
2024,135000,Mid-Level,Fully Remote,USA,77860.9112908848,1.733861031957951
2024,144138,Senior-Level,Onsite,USA,77860.9112908848,1.8512241586989269
2024,104828,Senior-Level,Onsite,USA,77860.9112908848,1.3463495130228746
2024,161000,Senior-Level,Onsite,USA,77860.9112908848,2.0677898232980008
2024,161875,Mid-Level,Onsite,USA,77860.9112908848,2.0790278114680985
2024,97125,Mid-Level,Onsite,USA,77860.9112908848,1.2474166868808592
2024,196350,Senior-Level,Fully Remote,USA,77860.9112908848,2.521804545369953
2024,127500,Senior-Level,Fully Remote,USA,77860.9112908848,1.6375354190713982
2024,135450,Mid-Level,Fully Remote,USA,77860.9112908848,1.739640568731144
2024,72870,Mid-Level,Fully Remote,USA,77860.9112908848,0.9358996548057473
2024,237200,Senior-Level,Onsite,USA,77860.9112908848,3.0464580502253775
2024,172500,Senior-Level,Onsite,USA,77860.9112908848,2.2154890963907152
2024,184800,Senior-Level,Onsite,USA,77860.9112908848,2.3734631015246617
2024,161900,Senior-Level,Onsite,USA,77860.9112908848,2.079348896844387
2024,146800,Senior-Level,Onsite,USA,77860.9112908848,1.8854133295661275
2024,117400,Senior-Level,Onsite,USA,77860.9112908848,1.5078169270508404
2024,90000,Entry-Level,Onsite,USA,77860.9112908848,1.155907354638634
2024,60000,Entry-Level,Onsite,USA,77860.9112908848,0.7706049030924227
2024,227200,Senior-Level,Onsite,USA,77860.9112908848,2.918023899709974
2024,199100,Senior-Level,Onsite,USA,77860.9112908848,2.557123936761689
2024,310000,Mid-Level,Onsite,USA,77860.9112908848,3.981458665977517
2024,223000,Mid-Level,Onsite,USA,77860.9112908848,2.8640815564935043
2024,171600,Mid-Level,Onsite,USA,77860.9112908848,2.203930022844329
2024,192500,Senior-Level,Fully Remote,USA,77860.9112908848,2.4723573974215225
2024,122500,Senior-Level,Fully Remote,USA,77860.9112908848,1.5733183438136962
2024,162900,Senior-Level,Fully Remote,USA,77860.9112908848,2.0921923118959276
2024,117725,Senior-Level,Fully Remote,USA,77860.9112908848,1.5119910369425908
2024,140000,Entry-Level,Onsite,USA,77860.9112908848,1.7980781072156529
2024,100000,Entry-Level,Onsite,USA,77860.9112908848,1.2843415051540377
2024,170000,Mid-Level,Fully Remote,USA,77860.9112908848,2.183380558761864
2024,105000,Mid-Level,Fully Remote,USA,77860.9112908848,1.3485585804117397
2024,139000,Senior-Level,Onsite,USA,77860.9112908848,1.7852346921641125
2024,234200,Senior-Level,Onsite,USA,77860.9112908848,3.0079278050707563
2024,124000,Senior-Level,Onsite,USA,77860.9112908848,1.5925834663910068
2024,153700,Mid-Level,Fully Remote,USA,77860.9112908848,1.974032893421756
2024,87300,Mid-Level,Fully Remote,USA,77860.9112908848,1.121230133999475
2024,282000,Senior-Level,Onsite,USA,77860.9112908848,3.6218430445343865
2024,208000,Senior-Level,Onsite,USA,77860.9112908848,2.6714303307203986
2024,162000,Mid-Level,Fully Remote,USA,77860.9112908848,2.080633238349541
2024,129000,Mid-Level,Fully Remote,USA,77860.9112908848,1.6568005416487086
2024,110000,Entry-Level,Onsite,USA,77860.9112908848,1.4127756556694415
2024,255800,Senior-Level,Onsite,USA,77860.9112908848,3.2853455701840284
2024,176000,Senior-Level,Onsite,USA,77860.9112908848,2.2604410490711064
2024,105000,Entry-Level,Fully Remote,USA,77860.9112908848,1.3485585804117397
2024,210000,Mid-Level,Onsite,USA,77860.9112908848,2.6971171608234794
2024,130000,Senior-Level,Onsite,USA,77860.9112908848,1.669643956700249
2024,156000,Entry-Level,Onsite,USA,77860.9112908848,2.0035727480402987
2024,124000,Entry-Level,Onsite,USA,77860.9112908848,1.5925834663910068
2024,189000,Senior-Level,Fully Remote,USA,77860.9112908848,2.4274054447411313
2024,158494,Senior-Level,Fully Remote,USA,77860.9112908848,2.0356042251788407
2024,88052,Senior-Level,Fully Remote,USA,77860.9112908848,1.1308883821182334
2024,111000,Mid-Level,Onsite,USA,77860.9112908848,1.425619070720982
2024,195500,Senior-Level,Fully Remote,USA,77860.9112908848,2.5108876425761437
2024,141300,Senior-Level,Fully Remote,USA,77860.9112908848,1.8147745467826553
2024,139810,Senior-Level,Onsite,USA,77860.9112908848,1.79563785835586
2024,95325,Senior-Level,Onsite,USA,77860.9112908848,1.2242985397880866
2024,26000,Entry-Level,Fully Remote,ROU,41979.2586767087,0.6193534812091751
2024,77777,Senior-Level,Onsite,PRT,45250.0148759865,1.7188281642151477
2024,66666,Senior-Level,Onsite,PRT,45250.0148759865,1.4732812836129838
2024,85000,Entry-Level,Onsite,LBN,12292.8407305501,6.914593775607819
2024,58500,Entry-Level,Onsite,LBN,12292.8407305501,4.758867480859499
2024,95000,Senior-Level,Fully Remote,IND,9207.12743040145,10.318093316088468
2024,80000,Senior-Level,Fully Remote,IND,9207.12743040145,8.688920687232395
2024,100000,Mid-Level,Fully Remote,IRL,138522.517800204,0.7219042909993421
2024,94444,Mid-Level,Fully Remote,IRL,138522.517800204,0.6817952885914186
2024,64105,Mid-Level,Onsite,GBR,59021.5721805914,1.086128302442615
2024,51283,Mid-Level,Onsite,GBR,59021.5721805914,0.8688856989964062
2024,50000,Entry-Level,Onsite,GBR,59021.5721805914,0.8471478842856367
2024,37500,Entry-Level,Onsite,GBR,59021.5721805914,0.6353609132142276
2024,56250,Entry-Level,Onsite,GBR,59021.5721805914,0.9530413698213414
2024,193000,Mid-Level,Onsite,GBR,59021.5721805914,3.269990833342558
2024,96125,Mid-Level,Onsite,GBR,59021.5721805914,1.6286418075391367
2024,50000,Mid-Level,Onsite,GBR,59021.5721805914,0.8471478842856367
2024,43750,Mid-Level,Onsite,GBR,59021.5721805914,0.7412543987499322
2024,175000,Senior-Level,Onsite,GBR,59021.5721805914,2.9650175949997286
2024,125000,Senior-Level,Onsite,GBR,59021.5721805914,2.117869710714092
2024,150000,Senior-Level,Fully Remote,GBR,59021.5721805914,2.5414436528569104
2024,112500,Senior-Level,Fully Remote,GBR,59021.5721805914,1.9060827396426827
2024,130943,Senior-Level,Onsite,GBR,59021.5721805914,2.2185617082402826
2024,104220,Senior-Level,Onsite,GBR,59021.5721805914,1.7657950500049813
2024,50000,Entry-Level,Fully Remote,GBR,59021.5721805914,0.8471478842856367
2024,43750,Entry-Level,Fully Remote,GBR,59021.5721805914,0.7412543987499322
2024,46250,Mid-Level,Fully Remote,GBR,59021.5721805914,0.783611792964214
2024,30000,Mid-Level,Fully Remote,GBR,59021.5721805914,0.508288730571382
2024,139777,Mid-Level,Fully Remote,ESP,51398.9310403407,2.7194534433079034
2024,93222,Mid-Level,Fully Remote,ESP,51398.9310403407,1.8136953067532526
2024,212000,Senior-Level,Onsite,EGY,17526.8017030166,12.095760743588029
2024,93300,Senior-Level,Onsite,EGY,17526.8017030166,5.3232758366828445
2024,212000,Senior-Level,Onsite,DEU,69048.9884036885,3.0702839375511437
2024,93300,Senior-Level,Onsite,DEU,69048.9884036885,1.351214581950574
2024,16666,Entry-Level,Hybrid,DEU,69048.9884036885,0.2413648684114498
2024,171210,Senior-Level,Fully Remote,CAN,63944.1050100687,2.677494664645648
2024,92190,Senior-Level,Fully Remote,CAN,63944.1050100687,1.4417278963476567
2024,130000,Senior-Level,Onsite,CAN,63944.1050100687,2.0330255616140076
2024,110000,Senior-Level,Onsite,CAN,63944.1050100687,1.7202523982887759
2024,137930,Mid-Level,Onsite,CAN,63944.1050100687,2.157040120872462
2024,74270,Mid-Level,Onsite,CAN,63944.1050100687,1.1614831420082488
2024,225000,Senior-Level,Onsite,CAN,63944.1050100687,3.5186980874088594
2024,153000,Senior-Level,Onsite,CAN,63944.1050100687,2.3927146994380246
2024,235000,Senior-Level,Onsite,CAN,63944.1050100687,3.6750846690714756
2024,209990,Senior-Level,Onsite,CAN,63944.1050100687,3.2839618283332728
2024,140000,Senior-Level,Onsite,CAN,63944.1050100687,2.189412143276624
2024,303400,Senior-Level,Fully Remote,CAN,63944.1050100687,4.744768887643769
2024,216700,Senior-Level,Fully Remote,CAN,63944.1050100687,3.3888972246288884
2024,171210,Senior-Level,Onsite,CAN,63944.1050100687,2.677494664645648
2024,92190,Senior-Level,Onsite,CAN,63944.1050100687,1.4417278963476567
2024,110630,Mid-Level,Onsite,CAN,63944.1050100687,1.7301047529335205
2024,59570,Mid-Level,Onsite,CAN,63944.1050100687,0.9315948669642033
2024,78000,Mid-Level,Onsite,CAN,63944.1050100687,1.2198153369684046
2024,54000,Mid-Level,Onsite,CAN,63944.1050100687,0.8444875409781263
2024,120000,Senior-Level,Onsite,CAN,63944.1050100687,1.8766389799513916
2024,107000,Senior-Level,Onsite,CAN,63944.1050100687,1.673336423789991
2024,224000,Mid-Level,Onsite,CAN,63944.1050100687,3.503059429242598
2024,146000,Mid-Level,Onsite,CAN,63944.1050100687,2.2832440922741934
2024,133000,Mid-Level,Onsite,AUS,66103.1797066957,2.012006087908782
2024,58300,Mid-Level,Onsite,AUS,66103.1797066957,0.8819545483088872
2024,74276,Mid-Level,Onsite,AUS,66103.1797066957,1.123637324703103
2024,70230,Mid-Level,Onsite,AUS,66103.1797066957,1.0624299816077727
2023,84000,Mid-Level,Fully Remote,VNM,13905.1536875216,6.0409256803382965
2023,48000,Mid-Level,Fully Remote,VNM,13905.1536875216,3.451957531621884
2023,72000,Mid-Level,Fully Remote,VNM,13905.1536875216,5.177936297432826
2023,258700,Senior-Level,Onsite,USA,77860.9112908848,3.3225914738334956
2023,146600,Senior-Level,Onsite,USA,77860.9112908848,1.8828446465558193
2023,190000,Mid-Level,Fully Remote,USA,77860.9112908848,2.4402488597926717
2023,160000,Mid-Level,Fully Remote,USA,77860.9112908848,2.0549464082464604
2023,90000,Entry-Level,Fully Remote,USA,77860.9112908848,1.155907354638634
2023,65000,Entry-Level,Fully Remote,USA,77860.9112908848,0.8348219783501245
2023,130000,Mid-Level,Fully Remote,USA,77860.9112908848,1.669643956700249
2023,85000,Mid-Level,Onsite,USA,77860.9112908848,1.091690279380932
2023,65000,Mid-Level,Onsite,USA,77860.9112908848,0.8348219783501245
2023,143800,Senior-Level,Onsite,USA,77860.9112908848,1.8468830844115063
2023,95800,Senior-Level,Onsite,USA,77860.9112908848,1.230399161937568
2023,166000,Mid-Level,Onsite,USA,77860.9112908848,2.132006898555703
2023,73100,Mid-Level,Onsite,USA,77860.9112908848,0.9388536402676015
2023,114000,Mid-Level,Onsite,USA,77860.9112908848,1.464149315875603
2023,72000,Mid-Level,Onsite,USA,77860.9112908848,0.9247258837109071
2023,102500,Mid-Level,Onsite,USA,77860.9112908848,1.3164500427828887
2023,160000,Senior-Level,Onsite,USA,77860.9112908848,2.0549464082464604
2023,203649,Senior-Level,Fully Remote,USA,77860.9112908848,2.6155486318311465
2023,183284,Senior-Level,Fully Remote,USA,77860.9112908848,2.3539924843065263
2023,81800,Mid-Level,Onsite,USA,77860.9112908848,1.0505913512160028
2023,70800,Mid-Level,Onsite,USA,77860.9112908848,0.9093137856490587
2023,130000,Senior-Level,Onsite,USA,77860.9112908848,1.669643956700249
2023,80850,Senior-Level,Onsite,USA,77860.9112908848,1.0383901069170396
2023,215000,Senior-Level,Onsite,USA,77860.9112908848,2.761334236081181
2023,146900,Senior-Level,Onsite,USA,77860.9112908848,1.8866976710712815
2023,242000,Senior-Level,Onsite,USA,77860.9112908848,3.108106442472771
2023,106200,Senior-Level,Onsite,USA,77860.9112908848,1.363970678473588
2023,165000,Mid-Level,Onsite,USA,77860.9112908848,2.1191634835041624
2023,135000,Mid-Level,Onsite,USA,77860.9112908848,1.733861031957951
2023,75065,Entry-Level,Fully Remote,USA,77860.9112908848,0.9640909508438784
2023,41419,Entry-Level,Fully Remote,USA,77860.9112908848,0.5319614080197509
2023,145000,Senior-Level,Fully Remote,USA,77860.9112908848,1.8622951824733547
2023,120000,Senior-Level,Fully Remote,USA,77860.9112908848,1.5412098061848454
2023,184000,Senior-Level,Onsite,USA,77860.9112908848,2.3631883694834293
2023,112000,Senior-Level,Onsite,USA,77860.9112908848,1.4384624857725223
2023,275000,Senior-Level,Onsite,USA,77860.9112908848,3.5319391391736037
2023,170000,Senior-Level,Onsite,USA,77860.9112908848,2.183380558761864
2023,100000,Entry-Level,Onsite,USA,77860.9112908848,1.2843415051540377
2023,70000,Entry-Level,Onsite,USA,77860.9112908848,0.8990390536078264
2023,135700,Mid-Level,Onsite,USA,77860.9112908848,1.7428514224940292
2023,108560,Mid-Level,Onsite,USA,77860.9112908848,1.3942811379952234
2023,300000,Senior-Level,Onsite,USA,77860.9112908848,3.853024515462113
2023,180000,Senior-Level,Onsite,USA,77860.9112908848,2.311814709277268
2023,189000,Senior-Level,Fully Remote,USA,77860.9112908848,2.4274054447411313
2023,118100,Senior-Level,Fully Remote,USA,77860.9112908848,1.5168073175869186
2023,148300,Senior-Level,Onsite,USA,77860.9112908848,1.904678452143438
2023,84700,Senior-Level,Onsite,USA,77860.9112908848,1.08783725486547
2023,149925,Mid-Level,Onsite,USA,77860.9112908848,1.925549001602191
2023,91260,Mid-Level,Onsite,USA,77860.9112908848,1.1720900576035749
2023,277000,Senior-Level,Onsite,USA,77860.9112908848,3.5576259692766845
2023,173000,Senior-Level,Onsite,USA,77860.9112908848,2.221910803916485
2023,250900,Senior-Level,Onsite,USA,77860.9112908848,3.222412836431481
2023,135200,Senior-Level,Onsite,USA,77860.9112908848,1.736429714968259
2023,187415,Senior-Level,Onsite,USA,77860.9112908848,2.40704863188444
2023,114080,Senior-Level,Onsite,USA,77860.9112908848,1.4651767890797263
2023,220000,Mid-Level,Onsite,USA,77860.9112908848,2.825551311338883
2023,137500,Mid-Level,Onsite,USA,77860.9112908848,1.7659695695868018
2023,119000,Mid-Level,Onsite,USA,77860.9112908848,1.528366391133305
2023,52100,Mid-Level,Onsite,USA,77860.9112908848,0.6691419241852536
2023,102000,Senior-Level,Fully Remote,USA,77860.9112908848,1.3100283352571185
2023,64000,Entry-Level,Onsite,USA,77860.9112908848,0.8219785632985841
2023,60000,Entry-Level,Onsite,USA,77860.9112908848,0.7706049030924227
2023,179000,Mid-Level,Onsite,USA,77860.9112908848,2.2989712942257277
2023,112000,Mid-Level,Onsite,USA,77860.9112908848,1.4384624857725223
2023,65000,Entry-Level,Onsite,USA,77860.9112908848,0.8348219783501245
2023,54000,Entry-Level,Onsite,USA,77860.9112908848,0.6935444127831804
2023,250000,Senior-Level,Onsite,USA,77860.9112908848,3.2108537628850944
2023,140000,Senior-Level,Onsite,USA,77860.9112908848,1.7980781072156529
2023,113800,Entry-Level,Onsite,USA,77860.9112908848,1.461580632865295
2023,63200,Entry-Level,Onsite,USA,77860.9112908848,0.8117038312573518
2023,210000,Senior-Level,Onsite,USA,77860.9112908848,2.6971171608234794
2023,170000,Mid-Level,Onsite,USA,77860.9112908848,2.183380558761864
2023,130000,Mid-Level,Onsite,USA,77860.9112908848,1.669643956700249
2023,247600,Senior-Level,Onsite,USA,77860.9112908848,3.1800295667613976
2023,127300,Senior-Level,Onsite,USA,77860.9112908848,1.63496673606109
2023,125000,Mid-Level,Onsite,USA,77860.9112908848,1.6054268814425472
2023,100000,Mid-Level,Onsite,USA,77860.9112908848,1.2843415051540377
2023,247300,Senior-Level,Onsite,USA,77860.9112908848,3.176176542245935
2023,139700,Senior-Level,Onsite,USA,77860.9112908848,1.7942250827001907
2023,192000,Senior-Level,Fully Remote,USA,77860.9112908848,2.4659356898957525
2023,138240,Senior-Level,Fully Remote,USA,77860.9112908848,1.7754736967249418
2023,100000,Senior-Level,Fully Remote,USA,77860.9112908848,1.2843415051540377
2023,90000,Senior-Level,Fully Remote,USA,77860.9112908848,1.155907354638634
2023,170000,Senior-Level,Fully Remote,USA,77860.9112908848,2.183380558761864
2023,130000,Senior-Level,Fully Remote,USA,77860.9112908848,1.669643956700249
2023,186000,Mid-Level,Onsite,USA,77860.9112908848,2.38887519958651
2023,166000,Senior-Level,Onsite,USA,77860.9112908848,2.132006898555703
2023,73100,Senior-Level,Onsite,USA,77860.9112908848,0.9388536402676015
2023,115950,Mid-Level,Onsite,USA,77860.9112908848,1.4891939752261067
2023,69570,Mid-Level,Onsite,USA,77860.9112908848,0.893516385135664
2023,142300,Senior-Level,Onsite,USA,77860.9112908848,1.8276179618341957
2023,71200,Senior-Level,Onsite,USA,77860.9112908848,0.9144511516696748
2023,106500,Mid-Level,Onsite,USA,77860.9112908848,1.36782370298905
2023,119200,Senior-Level,Fully Remote,USA,77860.9112908848,1.530935074143613
2023,86600,Senior-Level,Fully Remote,USA,77860.9112908848,1.1122397434633966
2023,140544,Senior-Level,Fully Remote,USA,77860.9112908848,1.8050649250036908
2023,82673,Senior-Level,Fully Remote,USA,77860.9112908848,1.0618036525559975
2023,108350,Senior-Level,Onsite,USA,77860.9112908848,1.3915840208344
2023,78800,Senior-Level,Onsite,USA,77860.9112908848,1.0120611060613818
2023,162540,Senior-Level,Onsite,USA,77860.9112908848,2.087568682477373
2023,87570,Senior-Level,Onsite,USA,77860.9112908848,1.124697856063391
2023,213600,Senior-Level,Onsite,USA,77860.9112908848,2.7433534550090246
2023,103200,Senior-Level,Onsite,USA,77860.9112908848,1.3254404333189669
2023,140000,Mid-Level,Onsite,USA,77860.9112908848,1.7980781072156529
2023,90000,Mid-Level,Onsite,USA,77860.9112908848,1.155907354638634
2023,212000,Mid-Level,Onsite,USA,77860.9112908848,2.72280399092656
2023,93300,Mid-Level,Onsite,USA,77860.9112908848,1.1982906243087172
2023,222200,Mid-Level,Onsite,USA,77860.9112908848,2.853806824452272
2023,136000,Mid-Level,Onsite,USA,77860.9112908848,1.7467044470094912
2023,157000,Mid-Level,Fully Remote,USA,77860.9112908848,2.016416163091839
2023,144000,Mid-Level,Fully Remote,USA,77860.9112908848,1.8494517674218143
2023,179000,Senior-Level,Onsite,USA,77860.9112908848,2.2989712942257277
2023,221300,Senior-Level,Fully Remote,USA,77860.9112908848,2.8422477509058854
2023,147500,Senior-Level,Fully Remote,USA,77860.9112908848,1.8944037201022057
2023,116000,Senior-Level,Onsite,USA,77860.9112908848,1.4898361459786837
2023,90000,Senior-Level,Onsite,USA,77860.9112908848,1.155907354638634
2023,130400,Mid-Level,Onsite,USA,77860.9112908848,1.6747813227208652
2023,74500,Mid-Level,Onsite,USA,77860.9112908848,0.9568344213397582
2023,120000,Senior-Level,Onsite,USA,77860.9112908848,1.5412098061848454
2023,100000,Senior-Level,Onsite,USA,77860.9112908848,1.2843415051540377
2023,247500,Senior-Level,Onsite,USA,77860.9112908848,3.1787452252562436
2023,172200,Senior-Level,Onsite,USA,77860.9112908848,2.211636071875253
2023,260000,Senior-Level,Onsite,USA,77860.9112908848,3.339287913400498
2023,230000,Senior-Level,Onsite,USA,77860.9112908848,2.9539854618542867
2023,110000,Senior-Level,Fully Remote,USA,77860.9112908848,1.4127756556694415
2023,110000,Mid-Level,Onsite,USA,77860.9112908848,1.4127756556694415
2023,310000,Mid-Level,Onsite,USA,77860.9112908848,3.981458665977517
2023,245000,Mid-Level,Onsite,USA,77860.9112908848,3.1466366876273923
2023,210000,Mid-Level,Onsite,USA,77860.9112908848,2.6971171608234794
2023,160000,Mid-Level,Onsite,USA,77860.9112908848,2.0549464082464604
2023,75000,Mid-Level,Onsite,USA,77860.9112908848,0.9632561288655282
2023,280000,Senior-Level,Onsite,USA,77860.9112908848,3.5961562144313057
2023,196000,Senior-Level,Onsite,USA,77860.9112908848,2.517309350101914
2023,230000,Senior-Level,Fully Remote,USA,77860.9112908848,2.9539854618542867
2023,115000,Senior-Level,Fully Remote,USA,77860.9112908848,1.4769927309271433
2023,70000,Mid-Level,Onsite,USA,77860.9112908848,0.8990390536078264
2023,233500,Senior-Level,Onsite,USA,77860.9112908848,2.9989374145346783
2023,137500,Senior-Level,Onsite,USA,77860.9112908848,1.7659695695868018
2023,176875,Senior-Level,Onsite,USA,77860.9112908848,2.271679037241204
2023,84750,Senior-Level,Onsite,USA,77860.9112908848,1.088479425618047
2023,251250,Senior-Level,Onsite,USA,77860.9112908848,3.22690803169952
2023,120750,Senior-Level,Onsite,USA,77860.9112908848,1.5508423674735006
2023,106050,Mid-Level,Onsite,USA,77860.9112908848,1.362044166215857
2023,80420,Mid-Level,Onsite,USA,77860.9112908848,1.032867438444877
2023,120000,Mid-Level,Onsite,USA,77860.9112908848,1.5412098061848454
2023,147400,Mid-Level,Onsite,USA,77860.9112908848,1.8931193785970517
2023,107682,Mid-Level,Onsite,USA,77860.9112908848,1.383004619579971
2023,95000,Senior-Level,Fully Remote,USA,77860.9112908848,1.2201244298963358
2023,80000,Entry-Level,Onsite,USA,77860.9112908848,1.0274732041232302
2023,50000,Entry-Level,Onsite,USA,77860.9112908848,0.6421707525770188
2023,175000,Senior-Level,Fully Remote,USA,77860.9112908848,2.247597634019566
2023,150000,Senior-Level,Fully Remote,USA,77860.9112908848,1.9265122577310565
2023,178600,Senior-Level,Onsite,USA,77860.9112908848,2.2938339282051112
2023,67200,Senior-Level,Onsite,USA,77860.9112908848,0.8630774914635133
2023,118750,Entry-Level,Onsite,USA,77860.9112908848,1.5251555373704198
2023,106875,Entry-Level,Onsite,USA,77860.9112908848,1.3726399836333778
2023,186000,Senior-Level,Onsite,USA,77860.9112908848,2.38887519958651
2023,81800,Senior-Level,Onsite,USA,77860.9112908848,1.0505913512160028
2023,142000,Mid-Level,Onsite,USA,77860.9112908848,1.8237649373187337
2023,128000,Mid-Level,Onsite,USA,77860.9112908848,1.6439571265971682
2023,140130,Senior-Level,Onsite,USA,77860.9112908848,1.799747751172353
2023,84870,Senior-Level,Onsite,USA,77860.9112908848,1.0900206354242319
2023,262000,Senior-Level,Onsite,USA,77860.9112908848,3.364974743503579
2023,58500,Mid-Level,Onsite,USA,77860.9112908848,0.7513397805151121
2023,59059,Entry-Level,Onsite,USA,77860.9112908848,0.7585192495289231
2023,47985,Entry-Level,Onsite,USA,77860.9112908848,0.616291271248165
2023,93918,Senior-Level,Onsite,USA,77860.9112908848,1.2062278548105692
2023,51962,Senior-Level,Onsite,USA,77860.9112908848,0.667369532908141
2023,291500,Senior-Level,Onsite,USA,77860.9112908848,3.74385548752402
2023,180200,Senior-Level,Onsite,USA,77860.9112908848,2.314383392287576
2023,255800,Senior-Level,Onsite,USA,77860.9112908848,3.2853455701840284
2023,170600,Senior-Level,Onsite,USA,77860.9112908848,2.1910866077927884
2023,146850,Senior-Level,Onsite,USA,77860.9112908848,1.8860555003187045
2023,106800,Senior-Level,Onsite,USA,77860.9112908848,1.3716767275045123
2023,200000,Mid-Level,Onsite,USA,77860.9112908848,2.5686830103080753
2023,117000,Mid-Level,Onsite,USA,77860.9112908848,1.5026795610302242
2023,151700,Mid-Level,Onsite,USA,77860.9112908848,1.9483460633186753
2023,63000,Mid-Level,Onsite,USA,77860.9112908848,0.8091351482470438
2023,239900,Senior-Level,Fully Remote,USA,77860.9112908848,3.0811352708645363
2023,159900,Senior-Level,Fully Remote,USA,77860.9112908848,2.0536620667413064
2023,162240,Entry-Level,Onsite,USA,77860.9112908848,2.083715657961911
2023,47840,Entry-Level,Onsite,USA,77860.9112908848,0.6144289760656917
2023,130410,Senior-Level,Onsite,USA,77860.9112908848,1.6749097568713807
2023,92000,Senior-Level,Onsite,USA,77860.9112908848,1.1815941847417146
2023,270250,Senior-Level,Onsite,USA,77860.9112908848,3.470932917678787
2023,144000,Senior-Level,Onsite,USA,77860.9112908848,1.8494517674218143
2023,92000,Mid-Level,Onsite,USA,77860.9112908848,1.1815941847417146
2023,69000,Mid-Level,Onsite,USA,77860.9112908848,0.886195638556286
2023,184800,Senior-Level,Onsite,USA,77860.9112908848,2.3734631015246617
2023,107100,Senior-Level,Onsite,USA,77860.9112908848,1.3755297520199745
2023,333500,Senior-Level,Onsite,USA,77860.9112908848,4.2832789196887155
2023,176000,Senior-Level,Onsite,USA,77860.9112908848,2.2604410490711064
2023,257400,Senior-Level,Onsite,USA,77860.9112908848,3.3058950342664932
2023,138600,Senior-Level,Onsite,USA,77860.9112908848,1.7800973261434963
2023,242100,Mid-Level,Onsite,USA,77860.9112908848,3.1093907839779256
2023,116200,Mid-Level,Onsite,USA,77860.9112908848,1.4924048289889917
2023,114300,Senior-Level,Onsite,USA,77860.9112908848,1.4680023403910651
2023,89600,Senior-Level,Onsite,USA,77860.9112908848,1.1507699886180178
2023,85000,Entry-Level,Onsite,USA,77860.9112908848,1.091690279380932
2023,266875,Senior-Level,Onsite,USA,77860.9112908848,3.427586391879838
2023,128250,Senior-Level,Onsite,USA,77860.9112908848,1.6471679803600534
2023,280000,Mid-Level,Onsite,USA,77860.9112908848,3.5961562144313057
2023,180000,Mid-Level,Onsite,USA,77860.9112908848,2.311814709277268
2023,178492,Senior-Level,Fully Remote,USA,77860.9112908848,2.292446839379545
2023,89246,Senior-Level,Fully Remote,USA,77860.9112908848,1.1462234196897725
2023,245000,Senior-Level,Fully Remote,USA,77860.9112908848,3.1466366876273923
2023,155000,Senior-Level,Onsite,USA,77860.9112908848,1.9907293329887585
2023,145000,Senior-Level,Onsite,USA,77860.9112908848,1.8622951824733547
2023,165000,Senior-Level,Fully Remote,USA,77860.9112908848,2.1191634835041624
2023,280889,Senior-Level,Onsite,USA,77860.9112908848,3.607574010412125
2023,187259,Senior-Level,Onsite,USA,77860.9112908848,2.4050450591363997
2023,120000,Mid-Level,Fully Remote,USA,77860.9112908848,1.5412098061848454
2023,185000,Mid-Level,Fully Remote,USA,77860.9112908848,2.3760317845349697
2023,125000,Mid-Level,Fully Remote,USA,77860.9112908848,1.6054268814425472
2023,196900,Senior-Level,Fully Remote,USA,77860.9112908848,2.5288684236483
2023,186700,Senior-Level,Fully Remote,USA,77860.9112908848,2.3978655901225885
2023,192000,Senior-Level,Onsite,USA,77860.9112908848,2.4659356898957525
2023,205600,Mid-Level,Onsite,USA,77860.9112908848,2.640606134596702
2023,105700,Mid-Level,Onsite,USA,77860.9112908848,1.357548970947818
2023,149800,Entry-Level,Onsite,USA,77860.9112908848,1.9239435747207485
2023,85600,Entry-Level,Onsite,USA,77860.9112908848,1.0993963284118562
2023,218000,Senior-Level,Onsite,USA,77860.9112908848,2.7998644812358022
2023,152600,Senior-Level,Onsite,USA,77860.9112908848,1.9599051368650615
2023,185000,Mid-Level,Onsite,USA,77860.9112908848,2.3760317845349697
2023,224880,Senior-Level,Onsite,USA,77860.9112908848,2.8882271767904
2023,121500,Senior-Level,Onsite,USA,77860.9112908848,1.5604749287621558
2023,129000,Senior-Level,Onsite,USA,77860.9112908848,1.6568005416487086
2023,46200,Senior-Level,Onsite,USA,77860.9112908848,0.5933657753811654
2023,272400,Senior-Level,Onsite,USA,77860.9112908848,3.498546260039599
2023,155600,Senior-Level,Onsite,USA,77860.9112908848,1.9984353820196827
2023,750000,Mid-Level,Onsite,USA,77860.9112908848,9.632561288655284
2023,150000,Mid-Level,Onsite,USA,77860.9112908848,1.9265122577310565
2023,115000,Entry-Level,Onsite,USA,77860.9112908848,1.4769927309271433
2023,95000,Entry-Level,Onsite,USA,77860.9112908848,1.2201244298963358
2023,351000,Senior-Level,Onsite,USA,77860.9112908848,4.508038683090672
2023,171000,Senior-Level,Onsite,USA,77860.9112908848,2.1962239738134044
2023,272000,Senior-Level,Onsite,USA,77860.9112908848,3.4934088940189825
2023,158000,Senior-Level,Onsite,USA,77860.9112908848,2.0292595781433795
2023,135000,Senior-Level,Fully Remote,USA,77860.9112908848,1.733861031957951
2023,125000,Senior-Level,Fully Remote,USA,77860.9112908848,1.6054268814425472
2023,80000,Mid-Level,Onsite,USA,77860.9112908848,1.0274732041232302
2023,270000,Senior-Level,Fully Remote,USA,77860.9112908848,3.467722063915902
2023,232200,Senior-Level,Fully Remote,USA,77860.9112908848,2.9822409749676755
2023,107000,Mid-Level,Fully Remote,USA,77860.9112908848,1.3742454105148203
2023,87300,Mid-Level,Fully Remote,USA,77860.9112908848,1.121230133999475
2023,85000,Mid-Level,Fully Remote,USA,77860.9112908848,1.091690279380932
2023,61800,Mid-Level,Fully Remote,USA,77860.9112908848,0.7937230501851953
2023,300000,Senior-Level,Fully Remote,USA,77860.9112908848,3.853024515462113
2023,195000,Senior-Level,Fully Remote,USA,77860.9112908848,2.5044659350503737
2023,204500,Senior-Level,Onsite,USA,77860.9112908848,2.6264783780400074
2023,142200,Senior-Level,Onsite,USA,77860.9112908848,1.8263336203290417
2023,107500,Mid-Level,Onsite,USA,77860.9112908848,1.3806671180405905
2023,96750,Mid-Level,Onsite,USA,77860.9112908848,1.2426004062365315
2023,153800,Mid-Level,Fully Remote,USA,77860.9112908848,1.9753172349269101
2023,96000,Mid-Level,Fully Remote,USA,77860.9112908848,1.2329678449478763
2023,190100,Senior-Level,Fully Remote,USA,77860.9112908848,2.4415332012978257
2023,131414,Senior-Level,Fully Remote,USA,77860.9112908848,1.6878045455831272
2023,195500,Senior-Level,Fully Remote,USA,77860.9112908848,2.5108876425761437
2023,141300,Senior-Level,Fully Remote,USA,77860.9112908848,1.8147745467826553
2023,165500,Senior-Level,Fully Remote,USA,77860.9112908848,2.1255851910299324
2023,119600,Senior-Level,Fully Remote,USA,77860.9112908848,1.5360724401642292
2023,235000,Senior-Level,Fully Remote,USA,77860.9112908848,3.0182025371119887
2023,169900,Senior-Level,Fully Remote,USA,77860.9112908848,2.18209621725671
2023,235000,Mid-Level,Fully Remote,USA,77860.9112908848,3.0182025371119887
2023,169900,Mid-Level,Fully Remote,USA,77860.9112908848,2.18209621725671
2023,200000,Senior-Level,Onsite,USA,77860.9112908848,2.5686830103080753
2023,135000,Senior-Level,Onsite,USA,77860.9112908848,1.733861031957951
2023,210000,Senior-Level,Fully Remote,USA,77860.9112908848,2.6971171608234794
2023,151800,Senior-Level,Fully Remote,USA,77860.9112908848,1.9496304048238293
2023,215500,Senior-Level,Fully Remote,USA,77860.9112908848,2.7677559436069514
2023,155800,Senior-Level,Fully Remote,USA,77860.9112908848,2.0010040650299907
2023,305600,Senior-Level,Onsite,USA,77860.9112908848,3.9249476397507395
2023,188200,Senior-Level,Onsite,USA,77860.9112908848,2.417130712699899
2023,180500,Senior-Level,Onsite,USA,77860.9112908848,2.318236416803038
2023,96200,Senior-Level,Onsite,USA,77860.9112908848,1.2355365279581842
2023,75000,Entry-Level,Onsite,USA,77860.9112908848,0.9632561288655282
2023,47500,Entry-Level,Onsite,USA,77860.9112908848,0.6100622149481679
2023,201700,Senior-Level,Onsite,USA,77860.9112908848,2.590516815895694
2023,133000,Mid-Level,Onsite,USA,77860.9112908848,1.7081742018548702
2023,58400,Mid-Level,Onsite,USA,77860.9112908848,0.7500554390099581
2023,144300,Senior-Level,Fully Remote,USA,77860.9112908848,1.8533047919372765
2023,104800,Senior-Level,Fully Remote,USA,77860.9112908848,1.3459898974014315
2023,115920,Senior-Level,Onsite,USA,77860.9112908848,1.4888086727745606
2023,84000,Senior-Level,Onsite,USA,77860.9112908848,1.0788468643293916
2023,58300,Mid-Level,Onsite,USA,77860.9112908848,0.748771097504804
2023,137300,Senior-Level,Onsite,USA,77860.9112908848,1.7634008865764939
2023,59200,Senior-Level,Onsite,USA,77860.9112908848,0.7603301710511904
2023,147500,Mid-Level,Onsite,USA,77860.9112908848,1.8944037201022057
2023,156150,Senior-Level,Fully Remote,USA,77860.9112908848,2.0054992602980297
2023,113400,Senior-Level,Fully Remote,USA,77860.9112908848,1.4564432668446787
2023,226000,Senior-Level,Fully Remote,USA,77860.9112908848,2.9026118016481255
2023,211000,Senior-Level,Fully Remote,USA,77860.9112908848,2.70996057587502
2023,197500,Senior-Level,Onsite,USA,77860.9112908848,2.5365744726792245
2023,132500,Senior-Level,Onsite,USA,77860.9112908848,1.7017524943291
2023,109000,Mid-Level,Onsite,USA,77860.9112908848,1.3999322406179011
2023,62000,Mid-Level,Onsite,USA,77860.9112908848,0.7962917331955034
2023,110000,Senior-Level,Onsite,USA,77860.9112908848,1.4127756556694415
2023,70000,Senior-Level,Onsite,USA,77860.9112908848,0.8990390536078264
2023,238000,Senior-Level,Onsite,USA,77860.9112908848,3.05673278226661
2023,151250,Senior-Level,Fully Remote,USA,77860.9112908848,1.9425665265454821
2023,96800,Senior-Level,Fully Remote,USA,77860.9112908848,1.2432425769891084
2023,162000,Mid-Level,Onsite,USA,77860.9112908848,2.080633238349541
2023,108000,Mid-Level,Onsite,USA,77860.9112908848,1.3870888255663607
2023,189000,Mid-Level,Fully Remote,USA,77860.9112908848,2.4274054447411313
2023,118100,Mid-Level,Fully Remote,USA,77860.9112908848,1.5168073175869186
2023,126000,Entry-Level,Fully Remote,USA,77860.9112908848,1.6182702964940876
2023,93000,Entry-Level,Fully Remote,USA,77860.9112908848,1.194437599793255
2023,160000,Senior-Level,Fully Remote,USA,77860.9112908848,2.0549464082464604
2023,237500,Executive-Level,Onsite,USA,77860.9112908848,3.0503110747408395
2023,157500,Executive-Level,Onsite,USA,77860.9112908848,2.0228378706176096
2023,115000,Senior-Level,Onsite,USA,77860.9112908848,1.4769927309271433
2023,89000,Senior-Level,Onsite,USA,77860.9112908848,1.1430639395870936
2023,76000,Senior-Level,Onsite,USA,77860.9112908848,0.9760995439170687
2023,263100,Senior-Level,Onsite,USA,77860.9112908848,3.3791025000602732
2023,126300,Senior-Level,Onsite,USA,77860.9112908848,1.6221233210095496
2023,319000,Senior-Level,Onsite,USA,77860.9112908848,4.097049401441381
2023,221000,Senior-Level,Onsite,USA,77860.9112908848,2.8383947263904235
2023,150000,Senior-Level,Onsite,USA,77860.9112908848,1.9265122577310565
2023,116700,Senior-Level,Onsite,USA,77860.9112908848,1.498826536514762
2023,93400,Senior-Level,Onsite,USA,77860.9112908848,1.1995749658138712
2023,95000,Mid-Level,Onsite,USA,77860.9112908848,1.2201244298963358
2023,247000,Senior-Level,Fully Remote,USA,77860.9112908848,3.172323517730473
2023,152000,Senior-Level,Fully Remote,USA,77860.9112908848,1.9521990878341373
2023,268000,Senior-Level,Onsite,USA,77860.9112908848,3.4420352338128213
2023,80000,Senior-Level,Onsite,USA,77860.9112908848,1.0274732041232302
2023,187100,Senior-Level,Onsite,USA,77860.9112908848,2.4030029561432045
2023,107600,Senior-Level,Onsite,USA,77860.9112908848,1.3819514595457445
2023,161900,Senior-Level,Onsite,USA,77860.9112908848,2.079348896844387
2023,212000,Senior-Level,Onsite,USA,77860.9112908848,2.72280399092656
2023,93300,Senior-Level,Onsite,USA,77860.9112908848,1.1982906243087172
2023,96000,Senior-Level,Onsite,USA,77860.9112908848,1.2329678449478763
2023,204000,Mid-Level,Onsite,USA,77860.9112908848,2.620056670514237
2023,112500,Mid-Level,Onsite,USA,77860.9112908848,1.4448841932982925
2023,220000,Senior-Level,Onsite,USA,77860.9112908848,2.825551311338883
2023,204500,Mid-Level,Onsite,USA,77860.9112908848,2.6264783780400074
2023,142200,Mid-Level,Onsite,USA,77860.9112908848,1.8263336203290417
2023,140000,Senior-Level,Fully Remote,USA,77860.9112908848,1.7980781072156529
2023,132000,Entry-Level,Onsite,USA,77860.9112908848,1.6953307868033298
2023,104000,Entry-Level,Onsite,USA,77860.9112908848,1.3357151653601993
2023,141000,Senior-Level,Fully Remote,USA,77860.9112908848,1.8109215222671933
2023,198000,Senior-Level,Fully Remote,USA,77860.9112908848,2.5429961802049945
2023,151000,Senior-Level,Fully Remote,USA,77860.9112908848,1.939355672782597
2023,83000,Entry-Level,Onsite,USA,77860.9112908848,1.0660034492778514
2023,150000,Entry-Level,Onsite,USA,77860.9112908848,1.9265122577310565
2023,185000,Senior-Level,Onsite,USA,77860.9112908848,2.3760317845349697
2023,125000,Senior-Level,Onsite,USA,77860.9112908848,1.6054268814425472
2023,81500,Senior-Level,Onsite,USA,77860.9112908848,1.0467383267005408
2023,120500,Senior-Level,Fully Remote,USA,77860.9112908848,1.5476315137106156
2023,218000,Executive-Level,Onsite,USA,77860.9112908848,2.7998644812358022
2023,168000,Executive-Level,Onsite,USA,77860.9112908848,2.157693728658783
2023,119200,Mid-Level,Fully Remote,USA,77860.9112908848,1.530935074143613
2023,86600,Mid-Level,Fully Remote,USA,77860.9112908848,1.1122397434633966
2023,128600,Mid-Level,Onsite,USA,77860.9112908848,1.6516631756280926
2023,205500,Senior-Level,Onsite,USA,77860.9112908848,2.6393217930915474
2023,128500,Senior-Level,Onsite,USA,77860.9112908848,1.6503788341229384
2023,164000,Senior-Level,Onsite,USA,77860.9112908848,2.106320068452622
2023,117000,Senior-Level,Onsite,USA,77860.9112908848,1.5026795610302242
2023,142352,Senior-Level,Onsite,USA,77860.9112908848,1.8282858194168758
2023,95325,Senior-Level,Onsite,USA,77860.9112908848,1.2242985397880866
2023,247500,Mid-Level,Onsite,USA,77860.9112908848,3.1787452252562436
2023,172200,Mid-Level,Onsite,USA,77860.9112908848,2.211636071875253
2023,134000,Mid-Level,Fully Remote,USA,77860.9112908848,1.7210176169064106
2023,90000,Mid-Level,Fully Remote,USA,77860.9112908848,1.155907354638634
2023,204000,Senior-Level,Onsite,USA,77860.9112908848,2.620056670514237
2023,163200,Senior-Level,Onsite,USA,77860.9112908848,2.0960453364113896
2023,168000,Senior-Level,Fully Remote,USA,77860.9112908848,2.157693728658783
2023,143000,Senior-Level,Fully Remote,USA,77860.9112908848,1.8366083523702739
2023,105000,Senior-Level,Fully Remote,USA,77860.9112908848,1.3485585804117397
2023,131000,Entry-Level,Onsite,USA,77860.9112908848,1.6824873717517894
2023,54400,Entry-Level,Onsite,USA,77860.9112908848,0.6986817788037966
2023,120000,Entry-Level,Onsite,USA,77860.9112908848,1.5412098061848454
2023,359170,Senior-Level,Onsite,USA,77860.9112908848,4.612969384061757
2023,295490,Senior-Level,Onsite,USA,77860.9112908848,3.795100713579666
2023,102000,Entry-Level,Fully Remote,USA,77860.9112908848,1.3100283352571185
2023,92000,Entry-Level,Fully Remote,USA,77860.9112908848,1.1815941847417146
2023,132567,Entry-Level,Onsite,USA,77860.9112908848,1.7026130031375533
2023,96412,Entry-Level,Onsite,USA,77860.9112908848,1.2382593319491109
2023,110000,Mid-Level,Fully Remote,USA,77860.9112908848,1.4127756556694415
2023,172800,Senior-Level,Fully Remote,USA,77860.9112908848,2.219342120906177
2023,135842,Senior-Level,Onsite,USA,77860.9112908848,1.744675187431348
2023,98794,Senior-Level,Onsite,USA,77860.9112908848,1.26885234660188
2023,331640,Senior-Level,Onsite,USA,77860.9112908848,4.2593901676928505
2023,267720,Senior-Level,Onsite,USA,77860.9112908848,3.4384390775983897
2023,266450,Senior-Level,Onsite,USA,77860.9112908848,3.4221279404829335
2023,177700,Senior-Level,Onsite,USA,77860.9112908848,2.2822748546587253
2023,350000,Entry-Level,Onsite,USA,77860.9112908848,4.495195268039132
2023,250000,Entry-Level,Onsite,USA,77860.9112908848,3.2108537628850944
2023,155000,Mid-Level,Onsite,USA,77860.9112908848,1.9907293329887585
2023,278700,Senior-Level,Onsite,USA,77860.9112908848,3.5794597748643033
2023,159300,Senior-Level,Onsite,USA,77860.9112908848,2.045956017710382
2023,171000,Mid-Level,Onsite,USA,77860.9112908848,2.1962239738134044
2023,151000,Mid-Level,Onsite,USA,77860.9112908848,1.939355672782597
2023,100000,Mid-Level,Fully Remote,USA,77860.9112908848,1.2843415051540377
2023,80000,Mid-Level,Fully Remote,USA,77860.9112908848,1.0274732041232302
2023,174990,Senior-Level,Fully Remote,USA,77860.9112908848,2.247469199869051
2023,132624,Senior-Level,Fully Remote,USA,77860.9112908848,1.703345077795491
2023,210100,Senior-Level,Onsite,USA,77860.9112908848,2.6984015023286334
2023,95500,Senior-Level,Onsite,USA,77860.9112908848,1.226546137422106
2023,184600,Senior-Level,Onsite,USA,77860.9112908848,2.3708944185143537
2023,99400,Senior-Level,Onsite,USA,77860.9112908848,1.2766354561231135
2023,205000,Senior-Level,Onsite,USA,77860.9112908848,2.6329000855657774
2023,155400,Senior-Level,Onsite,USA,77860.9112908848,1.9958666990093747
2023,169000,Mid-Level,Onsite,USA,77860.9112908848,2.1705371437103236
2023,105500,Mid-Level,Onsite,USA,77860.9112908848,1.35498028793751
2023,90500,Mid-Level,Onsite,USA,77860.9112908848,1.1623290621644042
2023,42400,Mid-Level,Onsite,USA,77860.9112908848,0.544560798185312
2023,234000,Senior-Level,Fully Remote,USA,77860.9112908848,3.0053591220604483
2023,146000,Senior-Level,Fully Remote,USA,77860.9112908848,1.875138597524895
2023,128167,Mid-Level,Onsite,USA,77860.9112908848,1.6461019769107756
2023,85445,Mid-Level,Onsite,USA,77860.9112908848,1.0974055990788676
2023,172300,Mid-Level,Onsite,USA,77860.9112908848,2.2129204133804072
2023,86100,Mid-Level,Onsite,USA,77860.9112908848,1.1058180359376264
2023,138000,Mid-Level,Fully Remote,USA,77860.9112908848,1.772391277112572
2023,86000,Mid-Level,Fully Remote,USA,77860.9112908848,1.1045336944324724
2023,179000,Entry-Level,Onsite,USA,77860.9112908848,2.2989712942257277
2023,112000,Entry-Level,Onsite,USA,77860.9112908848,1.4384624857725223
2023,700000,Senior-Level,Fully Remote,USA,77860.9112908848,8.990390536078264
2023,179000,Senior-Level,Fully Remote,USA,77860.9112908848,2.2989712942257277
2023,112000,Senior-Level,Fully Remote,USA,77860.9112908848,1.4384624857725223
2023,122000,Senior-Level,Onsite,USA,77860.9112908848,1.566896636287926
2023,94000,Senior-Level,Onsite,USA,77860.9112908848,1.2072810148447954
2023,225000,Senior-Level,Onsite,USA,77860.9112908848,2.889768386596585
2023,122445,Senior-Level,Fully Remote,USA,77860.9112908848,1.5726119559858616
2023,187000,Senior-Level,Onsite,USA,77860.9112908848,2.4017186146380505
2023,212800,Mid-Level,Onsite,USA,77860.9112908848,2.733078722967792
2023,124100,Mid-Level,Onsite,USA,77860.9112908848,1.5938678078961608
2023,130000,Entry-Level,Onsite,USA,77860.9112908848,1.669643956700249
2023,240810,Senior-Level,Onsite,USA,77860.9112908848,3.0928227785614384
2023,126800,Senior-Level,Onsite,USA,77860.9112908848,1.6285450285353198
2023,222000,Senior-Level,Fully Remote,USA,77860.9112908848,2.851238141441964
2023,132000,Senior-Level,Fully Remote,USA,77860.9112908848,1.6953307868033298
2023,250000,Senior-Level,Fully Remote,USA,77860.9112908848,3.2108537628850944
2023,222000,Senior-Level,Onsite,USA,77860.9112908848,2.851238141441964
2023,132000,Senior-Level,Onsite,USA,77860.9112908848,1.6953307868033298
2023,94000,Senior-Level,Hybrid,USA,77860.9112908848,1.2072810148447954
2023,245000,Senior-Level,Onsite,USA,77860.9112908848,3.1466366876273923
2023,207900,Senior-Level,Onsite,USA,77860.9112908848,2.6701459892152446
2023,158400,Senior-Level,Onsite,USA,77860.9112908848,2.034396944163996
2023,138000,Senior-Level,Onsite,USA,77860.9112908848,1.772391277112572
2023,86000,Senior-Level,Onsite,USA,77860.9112908848,1.1045336944324724
2023,135800,Senior-Level,Fully Remote,USA,77860.9112908848,1.7441357639991832
2023,95100,Senior-Level,Fully Remote,USA,77860.9112908848,1.2214087714014898
2023,190000,Senior-Level,Fully Remote,USA,77860.9112908848,2.4402488597926717
2023,136000,Senior-Level,Onsite,USA,77860.9112908848,1.7467044470094912
2023,166375,Senior-Level,Onsite,USA,77860.9112908848,2.13682317920003
2023,212800,Senior-Level,Onsite,USA,77860.9112908848,2.733078722967792
2023,115100,Senior-Level,Onsite,USA,77860.9112908848,1.4782770724322973
2023,60000,Mid-Level,Onsite,USA,77860.9112908848,0.7706049030924227
2023,48000,Mid-Level,Onsite,USA,77860.9112908848,0.6164839224739381
2023,55000,Mid-Level,Onsite,USA,77860.9112908848,0.7063878278347208
2023,223600,Mid-Level,Onsite,USA,77860.9112908848,2.8717876055244282
2023,115000,Mid-Level,Onsite,USA,77860.9112908848,1.4769927309271433
2023,62000,Entry-Level,Fully Remote,USA,77860.9112908848,0.7962917331955034
2023,49000,Entry-Level,Fully Remote,USA,77860.9112908848,0.6293273375254785
2023,106100,Entry-Level,Fully Remote,USA,77860.9112908848,1.362686336968434
2023,74300,Entry-Level,Fully Remote,USA,77860.9112908848,0.95426573832945
2023,132300,Mid-Level,Onsite,USA,77860.9112908848,1.6991838113187918
2023,93000,Mid-Level,Onsite,USA,77860.9112908848,1.194437599793255
2023,96600,Senior-Level,Onsite,USA,77860.9112908848,1.2406738939788005
2023,55200,Senior-Level,Onsite,USA,77860.9112908848,0.7089565108450289
2023,83300,Entry-Level,Onsite,USA,77860.9112908848,1.0698564737933134
2023,99300,Entry-Level,Onsite,USA,77860.9112908848,1.2753511146179595
2023,82800,Entry-Level,Onsite,USA,77860.9112908848,1.0634347662675432
2023,110841,Senior-Level,Onsite,USA,77860.9112908848,1.423576967727787
2023,101000,Mid-Level,Onsite,USA,77860.9112908848,1.297184920205578
2023,50000,Mid-Level,Onsite,USA,77860.9112908848,0.6421707525770188
2023,182500,Senior-Level,Fully Remote,USA,77860.9112908848,2.343923246906119
2023,121700,Senior-Level,Fully Remote,USA,77860.9112908848,1.563043611772464
2023,134500,Senior-Level,Fully Remote,USA,77860.9112908848,1.7274393244321808
2023,91460,Senior-Level,Fully Remote,USA,77860.9112908848,1.1746587406138829
2023,75753,Entry-Level,Onsite,USA,77860.9112908848,0.9729272203993382
2023,47423,Entry-Level,Onsite,USA,77860.9112908848,0.6090732719891994
2023,124935,Senior-Level,Onsite,USA,77860.9112908848,1.6045920594641971
2023,76050,Senior-Level,Onsite,USA,77860.9112908848,0.9767417146696457
2023,286000,Senior-Level,Onsite,USA,77860.9112908848,3.6732167047405477
2023,143000,Senior-Level,Onsite,USA,77860.9112908848,1.8366083523702739
2023,106400,Mid-Level,Fully Remote,USA,77860.9112908848,1.366539361483896
2023,70000,Mid-Level,Fully Remote,USA,77860.9112908848,0.8990390536078264
2023,243600,Senior-Level,Onsite,USA,77860.9112908848,3.128655906555236
2023,148200,Senior-Level,Onsite,USA,77860.9112908848,1.903394110638284
2023,131600,Entry-Level,Fully Remote,USA,77860.9112908848,1.6901934207827136
2023,82400,Entry-Level,Fully Remote,USA,77860.9112908848,1.0582974002469272
2023,245700,Senior-Level,Onsite,USA,77860.9112908848,3.1556270781634708
2023,132300,Senior-Level,Onsite,USA,77860.9112908848,1.6991838113187918
2023,155750,Entry-Level,Fully Remote,USA,77860.9112908848,2.0003618942774137
2023,79350,Entry-Level,Fully Remote,USA,77860.9112908848,1.019124984339729
2023,234000,Senior-Level,Onsite,USA,77860.9112908848,3.0053591220604483
2023,123900,Senior-Level,Fully Remote,USA,77860.9112908848,1.5912991248858528
2023,75000,Senior-Level,Fully Remote,USA,77860.9112908848,0.9632561288655282
2023,136500,Mid-Level,Onsite,USA,77860.9112908848,1.7531261545352614
2023,123500,Mid-Level,Onsite,USA,77860.9112908848,1.5861617588652366
2023,227500,Senior-Level,Fully Remote,USA,77860.9112908848,2.921876924225436
2023,145600,Senior-Level,Fully Remote,USA,77860.9112908848,1.8700012315042789
2023,186754,Senior-Level,Onsite,USA,77860.9112908848,2.398559134535372
2023,101000,Senior-Level,Onsite,USA,77860.9112908848,1.297184920205578
2023,70800,Entry-Level,Onsite,USA,77860.9112908848,0.9093137856490587
2023,132000,Mid-Level,Fully Remote,USA,77860.9112908848,1.6953307868033298
2023,111000,Mid-Level,Fully Remote,USA,77860.9112908848,1.425619070720982
2023,180000,Mid-Level,Fully Remote,USA,77860.9112908848,2.311814709277268
2023,162000,Mid-Level,Fully Remote,USA,77860.9112908848,2.080633238349541
2023,95000,Senior-Level,Onsite,USA,77860.9112908848,1.2201244298963358
2023,238000,Mid-Level,Onsite,USA,77860.9112908848,3.05673278226661
2023,144500,Mid-Level,Onsite,USA,77860.9112908848,1.8558734749475845
2023,98500,Senior-Level,Onsite,USA,77860.9112908848,1.2650763825767273
2023,209300,Mid-Level,Fully Remote,USA,77860.9112908848,2.688126770287401
2023,123800,Mid-Level,Fully Remote,USA,77860.9112908848,1.5900147833806988
2023,130400,Entry-Level,Onsite,USA,77860.9112908848,1.6747813227208652
2023,254900,Senior-Level,Onsite,USA,77860.9112908848,3.273786496637642
2023,203920,Senior-Level,Onsite,USA,77860.9112908848,2.619029197310114
2023,191200,Senior-Level,Onsite,USA,77860.9112908848,2.45566095785452
2023,170186,Senior-Level,Onsite,USA,77860.9112908848,2.185769433961451
2023,200000,Executive-Level,Onsite,USA,77860.9112908848,2.5686830103080753
2023,150000,Executive-Level,Onsite,USA,77860.9112908848,1.9265122577310565
2023,90000,Senior-Level,Hybrid,USA,77860.9112908848,1.155907354638634
2023,198000,Senior-Level,Onsite,USA,77860.9112908848,2.5429961802049945
2023,219100,Senior-Level,Onsite,USA,77860.9112908848,2.8139922377924966
2023,118500,Senior-Level,Onsite,USA,77860.9112908848,1.5219446836075348
2023,128000,Senior-Level,Fully Remote,USA,77860.9112908848,1.6439571265971682
2023,60000,Entry-Level,Fully Remote,USA,77860.9112908848,0.7706049030924227
2023,48000,Entry-Level,Fully Remote,USA,77860.9112908848,0.6164839224739381
2023,234000,Executive-Level,Onsite,USA,77860.9112908848,3.0053591220604483
2023,146000,Executive-Level,Onsite,USA,77860.9112908848,1.875138597524895
2023,130100,Mid-Level,Onsite,USA,77860.9112908848,1.670928298205403
2023,166500,Mid-Level,Onsite,USA,77860.9112908848,2.138428606081473
2023,104000,Mid-Level,Onsite,USA,77860.9112908848,1.3357151653601993
2023,98000,Entry-Level,Onsite,USA,77860.9112908848,1.258654675050957
2023,73000,Entry-Level,Onsite,USA,77860.9112908848,0.9375692987624475
2023,183540,Senior-Level,Onsite,USA,77860.9112908848,2.357280398559721
2023,240000,Mid-Level,Onsite,USA,77860.9112908848,3.0824196123696908
2023,273500,Senior-Level,Onsite,USA,77860.9112908848,3.5126740165962933
2023,182500,Senior-Level,Onsite,USA,77860.9112908848,2.343923246906119
2023,240960,Senior-Level,Onsite,USA,77860.9112908848,3.0947492908191694
2023,296980,Mid-Level,Onsite,USA,77860.9112908848,3.8142374020064613
2023,123740,Mid-Level,Onsite,USA,77860.9112908848,1.5892441784776064
2023,247250,Senior-Level,Onsite,USA,77860.9112908848,3.175534371493358
2023,146000,Senior-Level,Onsite,USA,77860.9112908848,1.875138597524895
2023,200000,Senior-Level,Fully Remote,USA,77860.9112908848,2.5686830103080753
2023,370000,Senior-Level,Onsite,USA,77860.9112908848,4.752063569069939
2023,79600,Mid-Level,Onsite,USA,77860.9112908848,1.022335838102614
2023,175000,Senior-Level,Onsite,USA,77860.9112908848,2.247597634019566
2023,185000,Senior-Level,Fully Remote,USA,77860.9112908848,2.3760317845349697
2023,350000,Executive-Level,Fully Remote,USA,77860.9112908848,4.495195268039132
2023,268000,Executive-Level,Fully Remote,USA,77860.9112908848,3.4420352338128213
2023,180000,Senior-Level,Fully Remote,USA,77860.9112908848,2.311814709277268
2023,234485,Senior-Level,Onsite,USA,77860.9112908848,3.0115881783604452
2023,112655,Senior-Level,Onsite,USA,77860.9112908848,1.4468749226312811
2023,199700,Mid-Level,Onsite,USA,77860.9112908848,2.5648299857926133
2023,99900,Entry-Level,Onsite,USA,77860.9112908848,1.2830571636488837
2023,90300,Senior-Level,Onsite,USA,77860.9112908848,1.159760379154096
2023,266500,Senior-Level,Onsite,USA,77860.9112908848,3.4227701112355104
2023,152000,Senior-Level,Onsite,USA,77860.9112908848,1.9521990878341373
2023,70000,Entry-Level,Fully Remote,USA,77860.9112908848,0.8990390536078264
2023,187200,Senior-Level,Fully Remote,USA,77860.9112908848,2.4042872976483585
2023,140400,Senior-Level,Fully Remote,USA,77860.9112908848,1.803215473236269
2023,156400,Senior-Level,Onsite,USA,77860.9112908848,2.008710114060915
2023,190900,Senior-Level,Onsite,USA,77860.9112908848,2.451807933339058
2023,109100,Senior-Level,Onsite,USA,77860.9112908848,1.401216582123055
2023,195200,Entry-Level,Onsite,USA,77860.9112908848,2.5070346180606817
2023,100400,Entry-Level,Onsite,USA,77860.9112908848,1.2894788711746539
2023,181700,Mid-Level,Onsite,USA,77860.9112908848,2.3336485148648864
2023,64300,Mid-Level,Onsite,USA,77860.9112908848,0.8258315878140463
2023,185900,Senior-Level,Onsite,USA,77860.9112908848,2.387590858081356
2023,129300,Senior-Level,Onsite,USA,77860.9112908848,1.6606535661641708
2023,85000,Entry-Level,Fully Remote,USA,77860.9112908848,1.091690279380932
2023,80000,Entry-Level,Fully Remote,USA,77860.9112908848,1.0274732041232302
2023,52100,Senior-Level,Fully Remote,USA,77860.9112908848,0.6691419241852536
2023,219000,Senior-Level,Onsite,USA,77860.9112908848,2.8127078962873426
2023,204500,Senior-Level,Fully Remote,USA,77860.9112908848,2.6264783780400074
2023,142200,Senior-Level,Fully Remote,USA,77860.9112908848,1.8263336203290417
2023,158000,Mid-Level,Onsite,USA,77860.9112908848,2.0292595781433795
2023,90300,Mid-Level,Onsite,USA,77860.9112908848,1.159760379154096
2023,260000,Mid-Level,Onsite,USA,77860.9112908848,3.339287913400498
2023,152375,Senior-Level,Onsite,USA,77860.9112908848,1.957015368478465
2023,82000,Senior-Level,Onsite,USA,77860.9112908848,1.053160034226311
2023,77000,Senior-Level,Onsite,USA,77860.9112908848,0.9889429589686091
2023,196000,Senior-Level,Fully Remote,USA,77860.9112908848,2.517309350101914
2023,94000,Senior-Level,Fully Remote,USA,77860.9112908848,1.2072810148447954
2023,264846,Senior-Level,Onsite,USA,77860.9112908848,3.4015271027402627
2023,143060,Senior-Level,Onsite,USA,77860.9112908848,1.8373789572733663
2023,203000,Entry-Level,Onsite,USA,77860.9112908848,2.6072132554626966
2023,89030,Entry-Level,Onsite,USA,77860.9112908848,1.1434492420386397
2023,160800,Entry-Level,Onsite,USA,77860.9112908848,2.0652211402876928
2023,92700,Entry-Level,Onsite,USA,77860.9112908848,1.190584575277793
2023,62000,Senior-Level,Onsite,USA,77860.9112908848,0.7962917331955034
2023,51000,Senior-Level,Onsite,USA,77860.9112908848,0.6550141676285592
2023,137500,Entry-Level,Onsite,USA,77860.9112908848,1.7659695695868018
2023,154800,Mid-Level,Onsite,USA,77860.9112908848,1.9881606499784503
2023,76300,Mid-Level,Onsite,USA,77860.9112908848,0.9799525684325308
2023,240000,Senior-Level,Onsite,USA,77860.9112908848,3.0824196123696908
2023,465000,Executive-Level,Onsite,USA,77860.9112908848,5.972187998966276
2023,385000,Executive-Level,Onsite,USA,77860.9112908848,4.944714794843045
2023,116300,Senior-Level,Fully Remote,USA,77860.9112908848,1.493689170494146
2023,84600,Senior-Level,Fully Remote,USA,77860.9112908848,1.086552913360316
2023,129700,Senior-Level,Onsite,USA,77860.9112908848,1.665790932184787
2023,86500,Senior-Level,Onsite,USA,77860.9112908848,1.1109554019582426
2023,225300,Senior-Level,Onsite,USA,77860.9112908848,2.893621411112047
2023,197400,Senior-Level,Onsite,USA,77860.9112908848,2.5352901311740705
2023,266000,Senior-Level,Onsite,USA,77860.9112908848,3.4163484037097405
2023,224000,Senior-Level,Onsite,USA,77860.9112908848,2.8769249715450447
2023,165000,Senior-Level,Onsite,USA,77860.9112908848,2.1191634835041624
2023,255000,Senior-Level,Onsite,USA,77860.9112908848,3.2750708381427964
2023,169000,Senior-Level,Onsite,USA,77860.9112908848,2.1705371437103236
2023,91000,Mid-Level,Onsite,USA,77860.9112908848,1.1687507696901744
2023,136500,Senior-Level,Onsite,USA,77860.9112908848,1.7531261545352614
2023,248100,Senior-Level,Onsite,USA,77860.9112908848,3.1864512742871676
2023,145900,Senior-Level,Onsite,USA,77860.9112908848,1.873854256019741
2023,185100,Senior-Level,Onsite,USA,77860.9112908848,2.3773161260401237
2023,133300,Senior-Level,Onsite,USA,77860.9112908848,1.7120272263703322
2023,224400,Mid-Level,Onsite,USA,77860.9112908848,2.8820623375656607
2023,138700,Mid-Level,Onsite,USA,77860.9112908848,1.7813816676486502
2023,210000,Executive-Level,Fully Remote,USA,77860.9112908848,2.6971171608234794
2023,168000,Executive-Level,Fully Remote,USA,77860.9112908848,2.157693728658783
2023,224400,Senior-Level,Onsite,USA,77860.9112908848,2.8820623375656607
2023,138700,Senior-Level,Onsite,USA,77860.9112908848,1.7813816676486502
2023,273400,Senior-Level,Onsite,USA,77860.9112908848,3.5113896750911393
2023,182200,Senior-Level,Onsite,USA,77860.9112908848,2.340070222390657
2023,167500,Senior-Level,Onsite,USA,77860.9112908848,2.151272021133013
2023,106500,Senior-Level,Onsite,USA,77860.9112908848,1.36782370298905
2023,94500,Senior-Level,Onsite,USA,77860.9112908848,1.2137027223705656
2023,223400,Senior-Level,Fully Remote,USA,77860.9112908848,2.8692189225141203
2023,186200,Senior-Level,Fully Remote,USA,77860.9112908848,2.391443882596818
2023,72000,Entry-Level,Fully Remote,USA,77860.9112908848,0.9247258837109071
2023,64000,Entry-Level,Fully Remote,USA,77860.9112908848,0.8219785632985841
2023,179820,Senior-Level,Onsite,USA,77860.9112908848,2.3095028945679905
2023,143860,Senior-Level,Onsite,USA,77860.9112908848,1.8476536893145987
2023,283050,Senior-Level,Onsite,USA,77860.9112908848,3.635328630338504
2023,188700,Senior-Level,Onsite,USA,77860.9112908848,2.4235524202256693
2023,141298,Senior-Level,Onsite,USA,77860.9112908848,1.8147488599525523
2023,115607,Senior-Level,Onsite,USA,77860.9112908848,1.4847886838634283
2023,287500,Senior-Level,Onsite,USA,77860.9112908848,3.6924818273178586
2023,156000,Senior-Level,Onsite,USA,77860.9112908848,2.0035727480402987
2023,199000,Senior-Level,Onsite,USA,77860.9112908848,2.555839595256535
2023,162000,Senior-Level,Onsite,USA,77860.9112908848,2.080633238349541
2023,170884,Mid-Level,Fully Remote,USA,77860.9112908848,2.194734137667426
2023,113923,Mid-Level,Fully Remote,USA,77860.9112908848,1.4631603729166345
2023,184000,Mid-Level,Onsite,USA,77860.9112908848,2.3631883694834293
2023,123000,Mid-Level,Onsite,USA,77860.9112908848,1.5797400513394664
2023,235750,Senior-Level,Onsite,USA,77860.9112908848,3.027835098400644
2023,174250,Senior-Level,Onsite,USA,77860.9112908848,2.2379650727309106
2023,165000,Mid-Level,Fully Remote,USA,77860.9112908848,2.1191634835041624
2023,118800,Mid-Level,Fully Remote,USA,77860.9112908848,1.5257977081229968
2023,225000,Senior-Level,Fully Remote,USA,77860.9112908848,2.889768386596585
2023,213900,Mid-Level,Onsite,USA,77860.9112908848,2.7472064795244866
2023,116800,Mid-Level,Onsite,USA,77860.9112908848,1.5001108780199162
2023,220000,Senior-Level,Fully Remote,USA,77860.9112908848,2.825551311338883
2023,226700,Senior-Level,Onsite,USA,77860.9112908848,2.9116021921842035
2023,123000,Senior-Level,Onsite,USA,77860.9112908848,1.5797400513394664
2023,73000,Mid-Level,Onsite,USA,77860.9112908848,0.9375692987624475
2023,185900,Senior-Level,Fully Remote,USA,77860.9112908848,2.387590858081356
2023,129300,Senior-Level,Fully Remote,USA,77860.9112908848,1.6606535661641708
2023,116000,Senior-Level,Fully Remote,USA,77860.9112908848,1.4898361459786837
2023,253000,Mid-Level,Onsite,USA,77860.9112908848,3.2493840080397156
2023,131000,Mid-Level,Onsite,USA,77860.9112908848,1.6824873717517894
2023,147000,Senior-Level,Onsite,USA,77860.9112908848,1.8879820125764355
2023,161000,Mid-Level,Onsite,USA,77860.9112908848,2.0677898232980008
2023,137000,Senior-Level,Fully Remote,USA,77860.9112908848,1.7595478620610316
2023,172000,Senior-Level,Fully Remote,USA,77860.9112908848,2.209067388864945
2023,148000,Mid-Level,Onsite,USA,77860.9112908848,1.900825427627976
2023,99000,Mid-Level,Onsite,USA,77860.9112908848,1.2714980901024973
2023,105000,Entry-Level,Onsite,USA,77860.9112908848,1.3485585804117397
2023,99000,Senior-Level,Onsite,USA,77860.9112908848,1.2714980901024973
2023,52500,Senior-Level,Onsite,USA,77860.9112908848,0.6742792902058699
2023,180514,Senior-Level,Fully Remote,USA,77860.9112908848,2.3184162246137596
2023,108308,Senior-Level,Fully Remote,USA,77860.9112908848,1.3910445974022352
2023,290300,Senior-Level,Onsite,USA,77860.9112908848,3.7284433894621714
2023,196685,Senior-Level,Onsite,USA,77860.9112908848,2.526107089412219
2023,175000,Mid-Level,Onsite,USA,77860.9112908848,2.247597634019566
2023,133000,Entry-Level,Onsite,USA,77860.9112908848,1.7081742018548702
2023,58300,Entry-Level,Onsite,USA,77860.9112908848,0.748771097504804
2023,230300,Senior-Level,Onsite,USA,77860.9112908848,2.957838486369749
2023,224800,Senior-Level,Onsite,USA,77860.9112908848,2.8871997035862766
2023,131100,Senior-Level,Onsite,USA,77860.9112908848,1.6837717132569434
2023,258000,Senior-Level,Onsite,USA,77860.9112908848,3.313601083297417
2023,121000,Senior-Level,Onsite,USA,77860.9112908848,1.5540532212363856
2023,195800,Senior-Level,Onsite,USA,77860.9112908848,2.5147406670916057
2023,171500,Senior-Level,Onsite,USA,77860.9112908848,2.202645681339175
2023,150200,Senior-Level,Onsite,USA,77860.9112908848,1.9290809407413647
2023,71000,Senior-Level,Onsite,USA,77860.9112908848,0.9118824686593668
2023,167200,Senior-Level,Onsite,USA,77860.9112908848,2.147418996617551
2023,133000,Senior-Level,Onsite,USA,77860.9112908848,1.7081742018548702
2023,58400,Senior-Level,Onsite,USA,77860.9112908848,0.7500554390099581
2023,700000,Mid-Level,Fully Remote,USA,77860.9112908848,8.990390536078264
2023,150000,Mid-Level,Fully Remote,USA,77860.9112908848,1.9265122577310565
2023,167000,Mid-Level,Onsite,USA,77860.9112908848,2.144850313607243
2023,121000,Mid-Level,Onsite,USA,77860.9112908848,1.5540532212363856
2023,190200,Senior-Level,Onsite,USA,77860.9112908848,2.4428175428029797
2023,95100,Senior-Level,Onsite,USA,77860.9112908848,1.2214087714014898
2023,58400,Entry-Level,Onsite,USA,77860.9112908848,0.7500554390099581
2023,294000,Senior-Level,Onsite,USA,77860.9112908848,3.775964025152871
2023,167000,Senior-Level,Onsite,USA,77860.9112908848,2.144850313607243
2023,163800,Entry-Level,Fully Remote,USA,77860.9112908848,2.103751385442314
2023,88200,Entry-Level,Fully Remote,USA,77860.9112908848,1.1327892075458612
2023,180400,Senior-Level,Onsite,USA,77860.9112908848,2.316952075297884
2023,138800,Senior-Level,Onsite,USA,77860.9112908848,1.7826660091538045
2023,319000,Senior-Level,Fully Remote,USA,77860.9112908848,4.097049401441381
2023,206000,Senior-Level,Fully Remote,USA,77860.9112908848,2.645743500617318
2023,142000,Senior-Level,Onsite,USA,77860.9112908848,1.8237649373187337
2023,178300,Mid-Level,Onsite,USA,77860.9112908848,2.2899809036896492
2023,105400,Mid-Level,Onsite,USA,77860.9112908848,1.3536959464323557
2023,240000,Senior-Level,Fully Remote,USA,77860.9112908848,3.0824196123696908
2023,128000,Senior-Level,Onsite,USA,77860.9112908848,1.6439571265971682
2023,154000,Senior-Level,Fully Remote,USA,77860.9112908848,1.9778859179372181
2023,126000,Senior-Level,Fully Remote,USA,77860.9112908848,1.6182702964940876
2023,157250,Senior-Level,Onsite,USA,77860.9112908848,2.019627016854724
2023,219650,Executive-Level,Fully Remote,USA,77860.9112908848,2.821056116070844
2023,136000,Executive-Level,Fully Remote,USA,77860.9112908848,1.7467044470094912
2023,250000,Mid-Level,Onsite,USA,77860.9112908848,3.2108537628850944
2023,202600,Senior-Level,Fully Remote,USA,77860.9112908848,2.6020758894420806
2023,168800,Senior-Level,Fully Remote,USA,77860.9112908848,2.1679684607000156
2023,203000,Senior-Level,Fully Remote,USA,77860.9112908848,2.6072132554626966
2023,127000,Senior-Level,Fully Remote,USA,77860.9112908848,1.631113711545628
2023,125009,Mid-Level,Fully Remote,USA,77860.9112908848,1.605542472178011
2023,83339,Mid-Level,Fully Remote,USA,77860.9112908848,1.0703573669803235
2023,112200,Senior-Level,Fully Remote,USA,77860.9112908848,1.4410311687828303
2023,91800,Senior-Level,Fully Remote,USA,77860.9112908848,1.1790255017314066
2023,254000,Senior-Level,Onsite,USA,77860.9112908848,3.262227423091256
2023,159000,Senior-Level,Onsite,USA,77860.9112908848,2.04210299319492
2023,85000,Senior-Level,Onsite,USA,77860.9112908848,1.091690279380932
2023,130500,Mid-Level,Onsite,USA,77860.9112908848,1.6760656642260192
2023,116000,Mid-Level,Onsite,USA,77860.9112908848,1.4898361459786837
2023,81400,Entry-Level,Fully Remote,USA,77860.9112908848,1.0454539851953868
2023,43500,Entry-Level,Fully Remote,USA,77860.9112908848,0.5586885547420064
2023,190000,Senior-Level,Onsite,USA,77860.9112908848,2.4402488597926717
2023,146400,Senior-Level,Onsite,USA,77860.9112908848,1.8802759635455113
2023,208500,Senior-Level,Onsite,USA,77860.9112908848,2.6778520382461686
2023,172500,Senior-Level,Onsite,USA,77860.9112908848,2.2154890963907152
2023,198200,Senior-Level,Onsite,USA,77860.9112908848,2.545564863215303
2023,110200,Senior-Level,Onsite,USA,77860.9112908848,1.4153443386797495
2023,167100,Mid-Level,Onsite,USA,77860.9112908848,2.146134655112397
2023,111400,Mid-Level,Onsite,USA,77860.9112908848,1.4307564367415981
2023,166000,Entry-Level,Fully Remote,USA,77860.9112908848,2.132006898555703
2023,73100,Entry-Level,Fully Remote,USA,77860.9112908848,0.9388536402676015
2023,170000,Executive-Level,Onsite,USA,77860.9112908848,2.183380558761864
2023,145000,Executive-Level,Onsite,USA,77860.9112908848,1.8622951824733547
2023,139810,Senior-Level,Onsite,USA,77860.9112908848,1.79563785835586
2023,247300,Senior-Level,Fully Remote,USA,77860.9112908848,3.176176542245935
2023,139700,Senior-Level,Fully Remote,USA,77860.9112908848,1.7942250827001907
2023,188000,Senior-Level,Fully Remote,USA,77860.9112908848,2.414562029689591
2023,139000,Senior-Level,Fully Remote,USA,77860.9112908848,1.7852346921641125
2023,750000,Senior-Level,Onsite,USA,77860.9112908848,9.632561288655284
2023,127000,Mid-Level,Fully Remote,USA,77860.9112908848,1.631113711545628
2023,65000,Mid-Level,Fully Remote,USA,77860.9112908848,0.8348219783501245
2023,276000,Senior-Level,Onsite,USA,77860.9112908848,3.544782554225144
2023,174000,Senior-Level,Onsite,USA,77860.9112908848,2.2347542189680256
2023,250000,Executive-Level,Fully Remote,USA,77860.9112908848,3.2108537628850944
2023,212000,Executive-Level,Onsite,USA,77860.9112908848,2.72280399092656
2023,190000,Executive-Level,Onsite,USA,77860.9112908848,2.4402488597926717
2023,261500,Senior-Level,Onsite,USA,77860.9112908848,3.358553035977809
2023,134500,Senior-Level,Onsite,USA,77860.9112908848,1.7274393244321808
2023,239000,Senior-Level,Onsite,USA,77860.9112908848,3.0695761973181503
2023,122900,Senior-Level,Onsite,USA,77860.9112908848,1.5784557098343124
2023,83000,Mid-Level,Fully Remote,USA,77860.9112908848,1.0660034492778514
2023,66000,Mid-Level,Fully Remote,USA,77860.9112908848,0.8476653934016649
2023,224250,Senior-Level,Onsite,USA,77860.9112908848,2.8801358253079297
2023,121550,Senior-Level,Onsite,USA,77860.9112908848,1.5611170995147328
2023,109000,Mid-Level,Fully Remote,USA,77860.9112908848,1.3999322406179011
2023,205400,Senior-Level,Onsite,USA,77860.9112908848,2.6380374515863934
2023,92900,Senior-Level,Onsite,USA,77860.9112908848,1.193153258288101
2023,220000,Entry-Level,Onsite,USA,77860.9112908848,2.825551311338883
2023,186030,Senior-Level,Fully Remote,USA,77860.9112908848,2.389260502038056
2023,110200,Senior-Level,Fully Remote,USA,77860.9112908848,1.4153443386797495
2023,242000,Mid-Level,Onsite,USA,77860.9112908848,3.108106442472771
2023,106200,Mid-Level,Onsite,USA,77860.9112908848,1.363970678473588
2023,220000,Executive-Level,Fully Remote,USA,77860.9112908848,2.825551311338883
2023,120000,Executive-Level,Fully Remote,USA,77860.9112908848,1.5412098061848454
2023,91200,Entry-Level,Onsite,USA,77860.9112908848,1.1713194527004824
2023,58200,Entry-Level,Onsite,USA,77860.9112908848,0.74748675599965
2023,178000,Senior-Level,Fully Remote,USA,77860.9112908848,2.2861278791741872
2023,160000,Entry-Level,Onsite,USA,77860.9112908848,2.0549464082464604
2023,206000,Senior-Level,Onsite,USA,77860.9112908848,2.645743500617318
2023,134000,Senior-Level,Onsite,USA,77860.9112908848,1.7210176169064106
2023,106700,Mid-Level,Onsite,USA,77860.9112908848,1.3703923859993583
2023,57700,Mid-Level,Onsite,USA,77860.9112908848,0.7410650484738798
2023,266400,Senior-Level,Onsite,USA,77860.9112908848,3.4214857697303565
2023,173300,Senior-Level,Onsite,USA,77860.9112908848,2.225763828431947
2023,165600,Senior-Level,Onsite,USA,77860.9112908848,2.1268695325350864
2023,65800,Senior-Level,Onsite,USA,77860.9112908848,0.8450967103913568
2023,210400,Mid-Level,Onsite,USA,77860.9112908848,2.7022545268440954
2023,170500,Mid-Level,Onsite,USA,77860.9112908848,2.1898022662876344
2023,170000,Mid-Level,Fully Remote,USA,77860.9112908848,2.183380558761864
2023,185400,Senior-Level,Fully Remote,USA,77860.9112908848,2.381169150555586
2023,81536,Senior-Level,Fully Remote,USA,77860.9112908848,1.0472006896423962
2023,193000,Senior-Level,Onsite,USA,77860.9112908848,2.478779104947293
2023,95000,Mid-Level,Fully Remote,USA,77860.9112908848,1.2201244298963358
2023,75000,Mid-Level,Fully Remote,USA,77860.9112908848,0.9632561288655282
2023,105000,Mid-Level,Onsite,USA,77860.9112908848,1.3485585804117397
2023,192500,Senior-Level,Fully Remote,USA,77860.9112908848,2.4723573974215225
2023,336300,Senior-Level,Onsite,USA,77860.9112908848,4.319240481833029
2023,296400,Senior-Level,Onsite,USA,77860.9112908848,3.806788221276568
2023,159600,Senior-Level,Onsite,USA,77860.9112908848,2.0498090422258444
2023,258500,Senior-Level,Fully Remote,USA,77860.9112908848,3.3200227908231876
2023,226500,Senior-Level,Fully Remote,USA,77860.9112908848,2.9090335091738955
2023,118400,Senior-Level,Onsite,USA,77860.9112908848,1.5206603421023808
2023,130500,Senior-Level,Onsite,USA,77860.9112908848,1.6760656642260192
2023,323300,Senior-Level,Onsite,USA,77860.9112908848,4.152276086163004
2023,184700,Senior-Level,Onsite,USA,77860.9112908848,2.3721787600195077
2023,135000,Entry-Level,Onsite,USA,77860.9112908848,1.733861031957951
2023,110000,Entry-Level,Onsite,USA,77860.9112908848,1.4127756556694415
2023,202000,Senior-Level,Fully Remote,USA,77860.9112908848,2.594369840411156
2023,147000,Senior-Level,Fully Remote,USA,77860.9112908848,1.8879820125764355
2023,170625,Senior-Level,Onsite,USA,77860.9112908848,2.1914076931690767
2023,127950,Senior-Level,Onsite,USA,77860.9112908848,1.6433149558445912
2023,85256,Entry-Level,Onsite,USA,77860.9112908848,1.0949781936341265
2023,71615,Entry-Level,Onsite,USA,77860.9112908848,0.9197811689160641
2023,185000,Executive-Level,Onsite,USA,77860.9112908848,2.3760317845349697
2023,125000,Executive-Level,Onsite,USA,77860.9112908848,1.6054268814425472
2023,52000,Entry-Level,Fully Remote,USA,77860.9112908848,0.6678575826800996
2023,80000,Senior-Level,Fully Remote,USA,77860.9112908848,1.0274732041232302
2023,297300,Senior-Level,Fully Remote,USA,77860.9112908848,3.818347294822954
2023,198200,Senior-Level,Fully Remote,USA,77860.9112908848,2.545564863215303
2023,79600,Senior-Level,Onsite,USA,77860.9112908848,1.022335838102614
2023,222200,Senior-Level,Onsite,USA,77860.9112908848,2.853806824452272
2023,324000,Senior-Level,Onsite,USA,77860.9112908848,4.161266476699082
2023,71000,Mid-Level,Fully Remote,USA,77860.9112908848,0.9118824686593668
2023,57000,Mid-Level,Fully Remote,USA,77860.9112908848,0.7320746579378015
2023,59000,Mid-Level,Fully Remote,USA,77860.9112908848,0.7577614880408823
2023,50000,Mid-Level,Fully Remote,USA,77860.9112908848,0.6421707525770188
2023,208000,Senior-Level,Fully Remote,USA,77860.9112908848,2.6714303307203986
2023,187000,Senior-Level,Fully Remote,USA,77860.9112908848,2.4017186146380505
2023,140000,Mid-Level,Fully Remote,USA,77860.9112908848,1.7980781072156529
2023,280000,Senior-Level,Fully Remote,USA,77860.9112908848,3.5961562144313057
2023,145640,Senior-Level,Onsite,USA,77860.9112908848,1.8705149681063407
2023,84400,Senior-Level,Onsite,USA,77860.9112908848,1.0839842303500078
2023,105000,Senior-Level,Onsite,USA,77860.9112908848,1.3485585804117397
2023,75000,Senior-Level,Onsite,USA,77860.9112908848,0.9632561288655282
2023,98000,Senior-Level,Fully Remote,USA,77860.9112908848,1.258654675050957
2023,236160,Senior-Level,Fully Remote,USA,77860.9112908848,3.0331008985717753
2023,159408,Senior-Level,Fully Remote,USA,77860.9112908848,2.0473431065359486
2023,85000,Senior-Level,Fully Remote,USA,77860.9112908848,1.091690279380932
2023,120350,Senior-Level,Fully Remote,USA,77860.9112908848,1.5457050014528844
2023,74400,Senior-Level,Fully Remote,USA,77860.9112908848,0.955550079834604
2023,158494,Senior-Level,Fully Remote,USA,77860.9112908848,2.0356042251788407
2023,88052,Senior-Level,Fully Remote,USA,77860.9112908848,1.1308883821182334
2023,181500,Senior-Level,Onsite,USA,77860.9112908848,2.3310798318545785
2023,127000,Senior-Level,Onsite,USA,77860.9112908848,1.631113711545628
2023,300000,Mid-Level,Onsite,USA,77860.9112908848,3.853024515462113
2023,191600,Senior-Level,Onsite,USA,77860.9112908848,2.460798323875136
2023,125600,Senior-Level,Onsite,USA,77860.9112908848,1.6131329304734714
2023,130410,Mid-Level,Onsite,USA,77860.9112908848,1.6749097568713807
2023,183900,Senior-Level,Onsite,USA,77860.9112908848,2.3619040279782753
2023,108800,Senior-Level,Onsite,USA,77860.9112908848,1.3973635576075931
2023,121200,Senior-Level,Onsite,USA,77860.9112908848,1.5566219042466938
2023,231250,Senior-Level,Onsite,USA,77860.9112908848,2.970039730668712
2023,111000,Senior-Level,Onsite,USA,77860.9112908848,1.425619070720982
2023,210500,Mid-Level,Onsite,USA,77860.9112908848,2.7035388683492494
2023,105300,Mid-Level,Onsite,USA,77860.9112908848,1.3524116049272017
2023,158400,Mid-Level,Onsite,USA,77860.9112908848,2.034396944163996
2023,85800,Mid-Level,Onsite,USA,77860.9112908848,1.1019650114221644
2023,134200,Senior-Level,Onsite,USA,77860.9112908848,1.7235862999167186
2023,95400,Mid-Level,Fully Remote,USA,77860.9112908848,1.225261795916952
2023,57800,Mid-Level,Fully Remote,USA,77860.9112908848,0.7423493899790338
2023,86000,Mid-Level,Onsite,USA,77860.9112908848,1.1045336944324724
2023,87500,Executive-Level,Onsite,USA,77860.9112908848,1.123798817009783
2023,133200,Senior-Level,Fully Remote,USA,77860.9112908848,1.7107428848651782
2023,84000,Senior-Level,Fully Remote,USA,77860.9112908848,1.0788468643293916
2023,93000,Senior-Level,Onsite,USA,77860.9112908848,1.194437599793255
2023,216450,Senior-Level,Onsite,USA,77860.9112908848,2.779957187905915
2023,123750,Senior-Level,Onsite,USA,77860.9112908848,1.5893726126281218
2023,124100,Senior-Level,Onsite,USA,77860.9112908848,1.5938678078961608
2023,205000,Mid-Level,Fully Remote,USA,77860.9112908848,2.6329000855657774
2023,166000,Mid-Level,Fully Remote,USA,77860.9112908848,2.132006898555703
2023,231650,Senior-Level,Onsite,USA,77860.9112908848,2.9751770966893285
2023,189100,Senior-Level,Onsite,USA,77860.9112908848,2.4286897862462853
2023,158600,Mid-Level,Fully Remote,USA,77860.9112908848,2.036965627174304
2023,115300,Mid-Level,Fully Remote,USA,77860.9112908848,1.4808457554426055
2023,109900,Entry-Level,Onsite,USA,77860.9112908848,1.4114913141642875
2023,61200,Entry-Level,Onsite,USA,77860.9112908848,0.7860170011542711
2023,161000,Senior-Level,Fully Remote,USA,77860.9112908848,2.0677898232980008
2023,138510,Mid-Level,Onsite,USA,77860.9112908848,1.7789414187888577
2023,95490,Mid-Level,Onsite,USA,77860.9112908848,1.2264177032715906
2023,232200,Senior-Level,Onsite,USA,77860.9112908848,2.9822409749676755
2023,178250,Senior-Level,Onsite,USA,77860.9112908848,2.2893387329370722
2023,110500,Senior-Level,Onsite,USA,77860.9112908848,1.4191973631952117
2023,216000,Senior-Level,Fully Remote,USA,77860.9112908848,2.7741776511327214
2023,184000,Senior-Level,Fully Remote,USA,77860.9112908848,2.3631883694834293
2023,165600,Mid-Level,Onsite,USA,77860.9112908848,2.1268695325350864
2023,65800,Mid-Level,Onsite,USA,77860.9112908848,0.8450967103913568
2023,82500,Senior-Level,Onsite,USA,77860.9112908848,1.0595817417520812
2023,105500,Senior-Level,Onsite,USA,77860.9112908848,1.35498028793751
2023,108500,Senior-Level,Fully Remote,USA,77860.9112908848,1.393510533092131
2023,78800,Senior-Level,Fully Remote,USA,77860.9112908848,1.0120611060613818
2023,87500,Mid-Level,Fully Remote,USA,77860.9112908848,1.123798817009783
2023,135000,Executive-Level,Onsite,USA,77860.9112908848,1.733861031957951
2023,100000,Executive-Level,Onsite,USA,77860.9112908848,1.2843415051540377
2023,289800,Senior-Level,Onsite,USA,77860.9112908848,3.7220216819364014
2023,214200,Senior-Level,Onsite,USA,77860.9112908848,2.751059504039949
2023,167500,Mid-Level,Onsite,USA,77860.9112908848,2.151272021133013
2023,240000,Entry-Level,Fully Remote,USA,77860.9112908848,3.0824196123696908
2023,100000,Entry-Level,Fully Remote,USA,77860.9112908848,1.2843415051540377
2023,249300,Mid-Level,Onsite,USA,77860.9112908848,3.201863372349016
2023,149300,Mid-Level,Onsite,USA,77860.9112908848,1.9175218671949783
2023,170200,Senior-Level,Onsite,USA,77860.9112908848,2.1859492417721724
2023,83900,Senior-Level,Onsite,USA,77860.9112908848,1.0775625228242376
2023,94100,Senior-Level,Onsite,USA,77860.9112908848,1.2085653563499494
2023,226600,Senior-Level,Onsite,USA,77860.9112908848,2.9103178506790495
2023,140100,Senior-Level,Onsite,USA,77860.9112908848,1.7993624487208069
2023,124000,Senior-Level,Onsite,USA,77860.9112908848,1.5925834663910068
2023,132600,Senior-Level,Onsite,USA,77860.9112908848,1.703036835834254
2023,308000,Senior-Level,Onsite,USA,77860.9112908848,3.9557718358744363
2023,190400,Senior-Level,Onsite,USA,77860.9112908848,2.4453862258132877
2023,214500,Senior-Level,Onsite,USA,77860.9112908848,2.754912528555411
2023,111000,Mid-Level,Onsite,USA,77860.9112908848,1.425619070720982
2023,180250,Senior-Level,Fully Remote,USA,77860.9112908848,2.315025563040153
2023,118000,Senior-Level,Fully Remote,USA,77860.9112908848,1.5155229760817646
2023,111600,Senior-Level,Onsite,USA,77860.9112908848,1.4333251197519061
2023,157500,Senior-Level,Fully Remote,USA,77860.9112908848,2.0228378706176096
2023,132500,Senior-Level,Fully Remote,USA,77860.9112908848,1.7017524943291
2023,171000,Senior-Level,Fully Remote,USA,77860.9112908848,2.1962239738134044
2023,223600,Senior-Level,Onsite,USA,77860.9112908848,2.8717876055244282
2023,130900,Mid-Level,Onsite,USA,77860.9112908848,1.6812030302466354
2023,72700,Mid-Level,Onsite,USA,77860.9112908848,0.9337162742469854
2023,118200,Senior-Level,Fully Remote,USA,77860.9112908848,1.5180916590920726
2023,354200,Senior-Level,Fully Remote,USA,77860.9112908848,4.549137611255602
2023,221800,Senior-Level,Fully Remote,USA,77860.9112908848,2.848669458431656
2023,73000,Senior-Level,Onsite,USA,77860.9112908848,0.9375692987624475
2023,156600,Senior-Level,Fully Remote,USA,77860.9112908848,2.011278797071223
2023,137200,Senior-Level,Fully Remote,USA,77860.9112908848,1.7621165450713399
2023,149000,Mid-Level,Onsite,USA,77860.9112908848,1.9136688426795163
2023,65300,Mid-Level,Onsite,USA,77860.9112908848,0.8386750028655866
2023,187000,Mid-Level,Fully Remote,USA,77860.9112908848,2.4017186146380505
2023,119636,Senior-Level,Onsite,USA,77860.9112908848,1.5365348031060846
2023,70374,Senior-Level,Onsite,USA,77860.9112908848,0.9038424908371026
2023,67000,Senior-Level,Fully Remote,USA,77860.9112908848,0.8605088084532053
2023,94770,Senior-Level,Fully Remote,USA,77860.9112908848,1.2171704444344815
2023,164100,Senior-Level,Fully Remote,USA,77860.9112908848,2.107604409957776
2023,180240,Senior-Level,Onsite,USA,77860.9112908848,2.314897128889638
2023,120160,Senior-Level,Onsite,USA,77860.9112908848,1.5432647525930918
2023,93400,Mid-Level,Onsite,USA,77860.9112908848,1.1995749658138712
2023,119000,Senior-Level,Onsite,USA,77860.9112908848,1.528366391133305
2023,71400,Senior-Level,Onsite,USA,77860.9112908848,0.9170198346799829
2023,225100,Senior-Level,Fully Remote,USA,77860.9112908848,2.891052728101739
2023,140900,Senior-Level,Fully Remote,USA,77860.9112908848,1.8096371807620393
2023,144000,Mid-Level,Onsite,USA,77860.9112908848,1.8494517674218143
2023,250800,Entry-Level,Onsite,USA,77860.9112908848,3.221128494926327
2023,167200,Entry-Level,Onsite,USA,77860.9112908848,2.147418996617551
2023,76000,Mid-Level,Onsite,USA,77860.9112908848,0.9760995439170687
2023,230000,Executive-Level,Onsite,USA,77860.9112908848,2.9539854618542867
2023,180000,Executive-Level,Onsite,USA,77860.9112908848,2.311814709277268
2023,156450,Entry-Level,Fully Remote,USA,77860.9112908848,2.009352284813492
2023,119200,Entry-Level,Fully Remote,USA,77860.9112908848,1.530935074143613
2023,247500,Executive-Level,Onsite,USA,77860.9112908848,3.1787452252562436
2023,172200,Executive-Level,Onsite,USA,77860.9112908848,2.211636071875253
2023,97500,Senior-Level,Fully Remote,USA,77860.9112908848,1.2522329675251869
2023,220000,Executive-Level,Onsite,USA,77860.9112908848,2.825551311338883
2023,303050,Senior-Level,Onsite,USA,77860.9112908848,3.892196931369311
2023,202350,Senior-Level,Onsite,USA,77860.9112908848,2.598865035679195
2023,201650,Senior-Level,Onsite,USA,77860.9112908848,2.589874645143117
2023,124600,Senior-Level,Onsite,USA,77860.9112908848,1.600289515421931
2023,89500,Mid-Level,Fully Remote,USA,77860.9112908848,1.1494856471128638
2023,328400,Senior-Level,Fully Remote,USA,77860.9112908848,4.21777750292586
2023,205600,Senior-Level,Fully Remote,USA,77860.9112908848,2.640606134596702
2023,61800,Entry-Level,Fully Remote,USA,77860.9112908848,0.7937230501851953
2023,116000,Entry-Level,Onsite,USA,77860.9112908848,1.4898361459786837
2023,72500,Entry-Level,Onsite,USA,77860.9112908848,0.9311475912366773
2023,215000,Senior-Level,Fully Remote,USA,77860.9112908848,2.761334236081181
2023,169850,Senior-Level,Fully Remote,USA,77860.9112908848,2.181454046504133
2023,147400,Senior-Level,Onsite,USA,77860.9112908848,1.8931193785970517
2023,107682,Senior-Level,Onsite,USA,77860.9112908848,1.383004619579971
2023,225300,Mid-Level,Onsite,USA,77860.9112908848,2.893621411112047
2023,197400,Mid-Level,Onsite,USA,77860.9112908848,2.5352901311740705
2023,204600,Senior-Level,Onsite,USA,77860.9112908848,2.6277627195451614
2023,126500,Senior-Level,Onsite,USA,77860.9112908848,1.6246920040198578
2023,86500,Entry-Level,Onsite,USA,77860.9112908848,1.1109554019582426
2023,40400,Entry-Level,Onsite,USA,77860.9112908848,0.5188739680822313
2023,329700,Senior-Level,Onsite,USA,77860.9112908848,4.234473942492863
2023,192351,Senior-Level,Onsite,USA,77860.9112908848,2.470443728578843
2023,97000,Mid-Level,Onsite,USA,77860.9112908848,1.2458112599994167
2023,88000,Entry-Level,Onsite,USA,77860.9112908848,1.1302205245355532
2023,93593,Senior-Level,Onsite,USA,77860.9112908848,1.2020537449188184
2023,222405,Senior-Level,Onsite,USA,77860.9112908848,2.8564397245378377
2023,172800,Senior-Level,Onsite,USA,77860.9112908848,2.219342120906177
2023,205600,Senior-Level,Onsite,USA,77860.9112908848,2.640606134596702
2023,105700,Senior-Level,Onsite,USA,77860.9112908848,1.357548970947818
2023,263500,Senior-Level,Fully Remote,USA,77860.9112908848,3.3842398660808892
2023,189360,Senior-Level,Fully Remote,USA,77860.9112908848,2.432029074159686
2023,310000,Senior-Level,Fully Remote,USA,77860.9112908848,3.981458665977517
2023,372000,Senior-Level,Onsite,USA,77860.9112908848,4.77775039917302
2023,223000,Senior-Level,Onsite,USA,77860.9112908848,2.8640815564935043
2023,131000,Mid-Level,Fully Remote,USA,77860.9112908848,1.6824873717517894
2023,305100,Senior-Level,Fully Remote,USA,77860.9112908848,3.918525932224969
2023,146900,Senior-Level,Fully Remote,USA,77860.9112908848,1.8866976710712815
2023,78800,Entry-Level,Onsite,USA,77860.9112908848,1.0120611060613818
2023,44100,Entry-Level,Onsite,USA,77860.9112908848,0.5663946037729306
2023,202800,Senior-Level,Onsite,USA,77860.9112908848,2.6046445724523886
2023,104300,Senior-Level,Onsite,USA,77860.9112908848,1.3395681898756613
2023,272400,Executive-Level,Onsite,USA,77860.9112908848,3.498546260039599
2023,140100,Executive-Level,Onsite,USA,77860.9112908848,1.7993624487208069
2023,154000,Mid-Level,Onsite,USA,77860.9112908848,1.9778859179372181
2023,103000,Mid-Level,Onsite,USA,77860.9112908848,1.322871750308659
2023,57000,Entry-Level,Onsite,USA,77860.9112908848,0.7320746579378015
2023,119636,Senior-Level,Fully Remote,USA,77860.9112908848,1.5365348031060846
2023,70374,Senior-Level,Fully Remote,USA,77860.9112908848,0.9038424908371026
2023,304750,Senior-Level,Onsite,USA,77860.9112908848,3.91403073695693
2023,98873,Mid-Level,Onsite,USA,77860.9112908848,1.2698669763909518
2023,58161,Mid-Level,Onsite,USA,77860.9112908848,0.7469858628126399
2023,85500,Senior-Level,Onsite,USA,77860.9112908848,1.0981119869067022
2023,307100,Senior-Level,Onsite,USA,77860.9112908848,3.94421276232805
2023,216800,Senior-Level,Onsite,USA,77860.9112908848,2.784452383173954
2023,153600,Senior-Level,Onsite,USA,77860.9112908848,1.972748551916602
2023,160000,Executive-Level,Onsite,USA,77860.9112908848,2.0549464082464604
2023,130000,Executive-Level,Onsite,USA,77860.9112908848,1.669643956700249
2023,164640,Senior-Level,Onsite,USA,77860.9112908848,2.1145398540856077
2023,131712,Senior-Level,Onsite,USA,77860.9112908848,1.6916318832684862
2023,74800,Mid-Level,Onsite,USA,77860.9112908848,0.9606874458552203
2023,63600,Mid-Level,Onsite,USA,77860.9112908848,0.816841197277968
2023,253792,Senior-Level,Onsite,USA,77860.9112908848,3.2595559927605353
2023,158620,Senior-Level,Onsite,USA,77860.9112908848,2.037222495475335
2023,259900,Senior-Level,Onsite,USA,77860.9112908848,3.338003571895344
2023,139200,Senior-Level,Onsite,USA,77860.9112908848,1.7878033751744205
2023,293000,Senior-Level,Onsite,USA,77860.9112908848,3.7631206101013306
2023,115500,Senior-Level,Onsite,USA,77860.9112908848,1.4834144384529135
2023,102000,Mid-Level,Onsite,USA,77860.9112908848,1.3100283352571185
2023,141600,Senior-Level,Onsite,USA,77860.9112908848,1.8186275712981175
2023,121400,Senior-Level,Onsite,USA,77860.9112908848,1.5591905872570018
2023,49000,Mid-Level,Onsite,USA,77860.9112908848,0.6293273375254785
2023,115600,Senior-Level,Onsite,USA,77860.9112908848,1.4846987799580675
2023,79700,Senior-Level,Onsite,USA,77860.9112908848,1.023620179607768
2023,281700,Entry-Level,Onsite,USA,77860.9112908848,3.617990020018924
2023,141100,Entry-Level,Onsite,USA,77860.9112908848,1.8122058637723473
2023,173100,Senior-Level,Onsite,USA,77860.9112908848,2.223195145421639
2023,86900,Senior-Level,Onsite,USA,77860.9112908848,1.1160927679788588
2023,258700,Mid-Level,Onsite,USA,77860.9112908848,3.3225914738334956
2023,133800,Mid-Level,Onsite,USA,77860.9112908848,1.7184489338961024
2023,157000,Senior-Level,Fully Remote,USA,77860.9112908848,2.016416163091839
2023,208000,Senior-Level,Onsite,USA,77860.9112908848,2.6714303307203986
2023,73400,Mid-Level,Onsite,USA,77860.9112908848,0.9427066647830638
2023,183414,Senior-Level,Onsite,USA,77860.9112908848,2.355662128263227
2023,97200,Senior-Level,Onsite,USA,77860.9112908848,1.2483799430097247
2023,299000,Senior-Level,Onsite,USA,77860.9112908848,3.840181100410573
2023,66000,Senior-Level,Onsite,USA,77860.9112908848,0.8476653934016649
2023,170200,Mid-Level,Onsite,USA,77860.9112908848,2.1859492417721724
2023,83900,Mid-Level,Onsite,USA,77860.9112908848,1.0775625228242376
2023,101570,Senior-Level,Fully Remote,USA,77860.9112908848,1.3045056667849562
2023,177000,Senior-Level,Fully Remote,USA,77860.9112908848,2.273284464122647
2023,234500,Senior-Level,Onsite,USA,77860.9112908848,3.0117808295862183
2023,168000,Senior-Level,Onsite,USA,77860.9112908848,2.157693728658783
2023,153000,Senior-Level,Onsite,USA,77860.9112908848,1.9650425028856777
2023,136000,Senior-Level,Fully Remote,USA,77860.9112908848,1.7467044470094912
2023,104000,Senior-Level,Fully Remote,USA,77860.9112908848,1.3357151653601993
2023,143000,Mid-Level,Fully Remote,USA,77860.9112908848,1.8366083523702739
2023,117000,Mid-Level,Fully Remote,USA,77860.9112908848,1.5026795610302242
2023,275300,Senior-Level,Fully Remote,USA,77860.9112908848,3.5357921636890657
2023,183500,Senior-Level,Fully Remote,USA,77860.9112908848,2.3567666619576593
2023,253000,Senior-Level,Fully Remote,USA,77860.9112908848,3.2493840080397156
2023,172040,Senior-Level,Fully Remote,USA,77860.9112908848,2.2095811254670066
2023,164000,Senior-Level,Fully Remote,USA,77860.9112908848,2.106320068452622
2023,109238,Mid-Level,Onsite,USA,77860.9112908848,1.4029889734001677
2023,68274,Mid-Level,Onsite,USA,77860.9112908848,0.8768713192288677
2023,80800,Entry-Level,Onsite,USA,77860.9112908848,1.0377479361644626
2023,53800,Entry-Level,Onsite,USA,77860.9112908848,0.6909757297728722
2023,258900,Senior-Level,Fully Remote,USA,77860.9112908848,3.3251601568438036
2023,176080,Senior-Level,Fully Remote,USA,77860.9112908848,2.2614685222752295
2023,309000,Senior-Level,Onsite,USA,77860.9112908848,3.9686152509259767
2023,60000,Mid-Level,Fully Remote,USA,77860.9112908848,0.7706049030924227
2023,132100,Senior-Level,Onsite,USA,77860.9112908848,1.6966151283084838
2023,68400,Senior-Level,Onsite,USA,77860.9112908848,0.8784895895253618
2023,62500,Mid-Level,Fully Remote,USA,77860.9112908848,0.8027134407212736
2023,139500,Senior-Level,Onsite,USA,77860.9112908848,1.7916563996898827
2023,259000,Senior-Level,Onsite,USA,77860.9112908848,3.3264444983489576
2023,138750,Senior-Level,Onsite,USA,77860.9112908848,1.7820238384012275
2023,182750,Senior-Level,Onsite,USA,77860.9112908848,2.347134100669004
2023,207000,Senior-Level,Fully Remote,USA,77860.9112908848,2.658586915668858
2023,36000,Entry-Level,Fully Remote,UGA,2919.17775407108,12.332239771899626
2023,116700,Mid-Level,Onsite,USA,77860.9112908848,1.498826536514762
2023,176490,Mid-Level,Onsite,USA,77860.9112908848,2.266734322446361
2023,195000,Senior-Level,Onsite,USA,77860.9112908848,2.5044659350503737
2023,143750,Senior-Level,Onsite,USA,77860.9112908848,1.8462409136589293
2023,196760,Senior-Level,Onsite,USA,77860.9112908848,2.527070345541085
2023,70179,Senior-Level,Fully Remote,ITA,57260.8945372493,1.2256008322459444
2023,126500,Senior-Level,Fully Remote,USA,77860.9112908848,1.6246920040198578
2023,78000,Senior-Level,Fully Remote,USA,77860.9112908848,1.0017863740201494
2023,250000,Executive-Level,Onsite,USA,77860.9112908848,3.2108537628850944
2023,222000,Executive-Level,Onsite,USA,77860.9112908848,2.851238141441964
2023,297000,Senior-Level,Onsite,USA,77860.9112908848,3.814494270307492
2023,147600,Mid-Level,Onsite,USA,77860.9112908848,1.8956880616073597
2023,106300,Mid-Level,Onsite,USA,77860.9112908848,1.365255019978742
2023,131250,Senior-Level,Onsite,USA,77860.9112908848,1.6856982255146746
2023,128100,Senior-Level,Onsite,USA,77860.9112908848,1.6452414681023224
2023,174500,Executive-Level,Fully Remote,USA,77860.9112908848,2.241175926493796
2023,113000,Executive-Level,Fully Remote,USA,77860.9112908848,1.4513059008240627
2023,56500,Entry-Level,Hybrid,USA,77860.9112908848,0.7256529504120314
2023,227000,Senior-Level,Fully Remote,USA,77860.9112908848,2.9154552166996655
2023,230000,Mid-Level,Onsite,USA,77860.9112908848,2.9539854618542867
2023,138300,Senior-Level,Onsite,USA,77860.9112908848,1.7762443016280343
2023,110700,Senior-Level,Onsite,USA,77860.9112908848,1.4217660462055197
2023,212175,Senior-Level,Fully Remote,USA,77860.9112908848,2.7250515885605795
2023,156000,Senior-Level,Fully Remote,USA,77860.9112908848,2.0035727480402987
2023,111151,Mid-Level,Fully Remote,USA,77860.9112908848,1.4275584263937644
2023,66691,Mid-Level,Fully Remote,USA,77860.9112908848,0.8565401932022793
2023,95040,Senior-Level,Fully Remote,USA,77860.9112908848,1.2206381664983974
2023,59400,Senior-Level,Fully Remote,USA,77860.9112908848,0.7628988540614984
2023,197802,Senior-Level,Fully Remote,USA,77860.9112908848,2.54045318402479
2023,156453,Senior-Level,Fully Remote,USA,77860.9112908848,2.0093908150586466
2023,172000,Senior-Level,Onsite,USA,77860.9112908848,2.209067388864945
2023,122400,Senior-Level,Fully Remote,USA,77860.9112908848,1.5720340023085422
2023,172200,Mid-Level,Fully Remote,USA,77860.9112908848,2.211636071875253
2023,131200,Mid-Level,Fully Remote,USA,77860.9112908848,1.6850560547620974
2023,290000,Senior-Level,Onsite,USA,77860.9112908848,3.7245903649467094
2023,173200,Senior-Level,Onsite,USA,77860.9112908848,2.224479486926793
2023,204000,Senior-Level,Fully Remote,USA,77860.9112908848,2.620056670514237
2023,212500,Senior-Level,Onsite,USA,77860.9112908848,2.72922569845233
2023,190027,Senior-Level,Onsite,USA,77860.9112908848,2.4405956319990634
2023,152022,Senior-Level,Onsite,USA,77860.9112908848,1.9524816429652712
2023,170700,Senior-Level,Onsite,USA,77860.9112908848,2.1923709492979424
2023,113900,Senior-Level,Onsite,USA,77860.9112908848,1.462864974370449
2023,81000,Senior-Level,Onsite,USA,77860.9112908848,1.0403166191747706
2023,80000,Executive-Level,Onsite,USA,77860.9112908848,1.0274732041232302
2023,75000,Executive-Level,Onsite,USA,77860.9112908848,0.9632561288655282
2023,53000,Mid-Level,Fully Remote,USA,77860.9112908848,0.68070099773164
2023,48000,Mid-Level,Fully Remote,USA,77860.9112908848,0.6164839224739381
2023,115000,Mid-Level,Fully Remote,USA,77860.9112908848,1.4769927309271433
2023,194000,Senior-Level,Onsite,USA,77860.9112908848,2.4916225199988333
2023,50000,Senior-Level,Onsite,USA,77860.9112908848,0.6421707525770188
2023,70000,Executive-Level,Onsite,USA,77860.9112908848,0.8990390536078264
2023,130916,Entry-Level,Onsite,USA,77860.9112908848,1.68140852488746
2023,218213,Senior-Level,Fully Remote,USA,77860.9112908848,2.8026001286417803
2023,178538,Senior-Level,Fully Remote,USA,77860.9112908848,2.293037636471916
2023,316000,Senior-Level,Onsite,USA,77860.9112908848,4.058519156286759
2023,202000,Senior-Level,Onsite,USA,77860.9112908848,2.594369840411156
2023,189750,Senior-Level,Fully Remote,USA,77860.9112908848,2.4370380060297867
2023,119213,Senior-Level,Fully Remote,USA,77860.9112908848,1.531102038539283
2023,250944,Senior-Level,Fully Remote,USA,77860.9112908848,3.2229779466937485
2023,205318,Senior-Level,Fully Remote,USA,77860.9112908848,2.6369842915521673
2023,114000,Senior-Level,Onsite,USA,77860.9112908848,1.464149315875603
2023,258800,Senior-Level,Onsite,USA,77860.9112908848,3.3238758153386496
2023,199200,Senior-Level,Onsite,USA,77860.9112908848,2.5584082782668434
2023,215625,Senior-Level,Fully Remote,USA,77860.9112908848,2.7693613704883937
2023,159375,Senior-Level,Fully Remote,USA,77860.9112908848,2.0469192738392477
2023,203000,Senior-Level,Onsite,USA,77860.9112908848,2.6072132554626966
2023,282000,Senior-Level,Onsite,USA,77860.9112908848,3.6218430445343865
2023,93919,Senior-Level,Fully Remote,USA,77860.9112908848,1.2062406982256206
2023,51962,Senior-Level,Fully Remote,USA,77860.9112908848,0.667369532908141
2023,118800,Senior-Level,Fully Remote,USA,77860.9112908848,1.5257977081229968
2023,159350,Senior-Level,Onsite,USA,77860.9112908848,2.046598188462959
2023,130100,Senior-Level,Onsite,USA,77860.9112908848,1.670928298205403
2023,262000,Senior-Level,Fully Remote,USA,77860.9112908848,3.364974743503579
2023,205218,Senior-Level,Onsite,USA,77860.9112908848,2.6356999500470133
2023,136743,Senior-Level,Onsite,USA,77860.9112908848,1.7562471043927859
2023,94600,Senior-Level,Onsite,USA,77860.9112908848,1.2149870638757196
2023,107000,Senior-Level,Onsite,USA,77860.9112908848,1.3742454105148203
2023,264400,Senior-Level,Fully Remote,USA,77860.9112908848,3.3957989396272756
2023,176300,Senior-Level,Fully Remote,USA,77860.9112908848,2.2642940735865684
2023,76000,Entry-Level,Onsite,USA,77860.9112908848,0.9760995439170687
2023,169500,Senior-Level,Fully Remote,USA,77860.9112908848,2.176958851236094
2023,138000,Senior-Level,Fully Remote,USA,77860.9112908848,1.772391277112572
2023,138900,Senior-Level,Onsite,USA,77860.9112908848,1.7839503506589585
2023,110400,Senior-Level,Onsite,USA,77860.9112908848,1.4179130216900577
2023,68000,Senior-Level,Onsite,USA,77860.9112908848,0.8733522235047456
2023,260600,Mid-Level,Onsite,USA,77860.9112908848,3.3469939624314224
2023,63750,Entry-Level,Fully Remote,USA,77860.9112908848,0.8187677095356991
2023,46400,Entry-Level,Fully Remote,USA,77860.9112908848,0.5959344583914735
2023,214872,Senior-Level,Fully Remote,USA,77860.9112908848,2.759690278954584
2023,186846,Senior-Level,Fully Remote,USA,77860.9112908848,2.399740728720113
2023,70600,Mid-Level,Onsite,USA,77860.9112908848,0.9067451026387506
2023,149500,Mid-Level,Fully Remote,USA,77860.9112908848,1.9200905502052865
2023,127075,Mid-Level,Fully Remote,USA,77860.9112908848,1.6320769676744935
2023,162000,Senior-Level,Fully Remote,USA,77860.9112908848,2.080633238349541
2023,111000,Senior-Level,Fully Remote,USA,77860.9112908848,1.425619070720982
2023,182750,Senior-Level,Fully Remote,USA,77860.9112908848,2.347134100669004
2023,142600,Senior-Level,Onsite,USA,77860.9112908848,1.8314709863496579
2023,193000,Senior-Level,Fully Remote,USA,77860.9112908848,2.478779104947293
2023,225000,Executive-Level,Onsite,USA,77860.9112908848,2.889768386596585
2023,196500,Senior-Level,Onsite,USA,77860.9112908848,2.523731057627684
2023,97300,Senior-Level,Onsite,USA,77860.9112908848,1.2496642845148787
2023,227700,Senior-Level,Fully Remote,USA,77860.9112908848,2.924445607235744
2023,154836,Senior-Level,Fully Remote,USA,77860.9112908848,1.988623012920306
2023,285000,Mid-Level,Onsite,USA,77860.9112908848,3.6603732896890073
2023,190000,Mid-Level,Onsite,USA,77860.9112908848,2.4402488597926717
2023,405000,Mid-Level,Onsite,USA,77860.9112908848,5.201583095873853
2023,270000,Mid-Level,Onsite,USA,77860.9112908848,3.467722063915902
2023,214300,Mid-Level,Onsite,USA,77860.9112908848,2.752343845545103
2023,108500,Mid-Level,Onsite,USA,77860.9112908848,1.393510533092131
2023,145000,Mid-Level,Fully Remote,USA,77860.9112908848,1.8622951824733547
2023,113000,Mid-Level,Fully Remote,USA,77860.9112908848,1.4513059008240627
2023,194500,Senior-Level,Onsite,USA,77860.9112908848,2.4980442275246033
2023,110250,Senior-Level,Onsite,USA,77860.9112908848,1.4159865094323265
2023,295000,Senior-Level,Onsite,USA,77860.9112908848,3.7888074402044114
2023,177300,Senior-Level,Onsite,USA,77860.9112908848,2.277137488638109
2023,187000,Entry-Level,Onsite,USA,77860.9112908848,2.4017186146380505
2023,353200,Executive-Level,Onsite,USA,77860.9112908848,4.536294196204062
2023,249300,Executive-Level,Onsite,USA,77860.9112908848,3.201863372349016
2023,79000,Senior-Level,Onsite,USA,77860.9112908848,1.0146297890716898
2023,131000,Senior-Level,Onsite,USA,77860.9112908848,1.6824873717517894
2023,163000,Senior-Level,Fully Remote,USA,77860.9112908848,2.0934766534010816
2023,107400,Senior-Level,Onsite,USA,77860.9112908848,1.3793827765354365
2023,101500,Senior-Level,Onsite,USA,77860.9112908848,1.3036066277313483
2023,211000,Senior-Level,Onsite,USA,77860.9112908848,2.70996057587502
2023,161000,Senior-Level,Onsite,USA,77860.9112908848,2.0677898232980008
2023,116300,Senior-Level,Onsite,USA,77860.9112908848,1.493689170494146
2023,175564,Senior-Level,Fully Remote,USA,77860.9112908848,2.254841320108635
2023,144854,Senior-Level,Fully Remote,USA,77860.9112908848,1.8604200438758298
2023,151300,Senior-Level,Fully Remote,USA,77860.9112908848,1.9432086972980591
2023,126100,Senior-Level,Fully Remote,USA,77860.9112908848,1.6195546379992416
2023,180000,Executive-Level,Fully Remote,USA,77860.9112908848,2.311814709277268
2023,125000,Executive-Level,Fully Remote,USA,77860.9112908848,1.6054268814425472
2023,113000,Senior-Level,Onsite,USA,77860.9112908848,1.4513059008240627
2023,90400,Senior-Level,Onsite,USA,77860.9112908848,1.16104472065925
2023,204300,Senior-Level,Onsite,USA,77860.9112908848,2.623909695029699
2023,139000,Senior-Level,Onsite,USA,77860.9112908848,1.7852346921641125
2023,157000,Senior-Level,Onsite,USA,77860.9112908848,2.016416163091839
2023,183000,Senior-Level,Onsite,USA,77860.9112908848,2.350344954431889
2023,91000,Senior-Level,Onsite,USA,77860.9112908848,1.1687507696901744
2023,70900,Mid-Level,Onsite,USA,77860.9112908848,0.9105981271542127
2023,174500,Executive-Level,Onsite,USA,77860.9112908848,2.241175926493796
2023,113000,Executive-Level,Onsite,USA,77860.9112908848,1.4513059008240627
2023,127500,Senior-Level,Fully Remote,USA,77860.9112908848,1.6375354190713982
2023,145500,Senior-Level,Onsite,USA,77860.9112908848,1.8687168899991249
2023,108000,Senior-Level,Onsite,USA,77860.9112908848,1.3870888255663607
2023,175100,Senior-Level,Fully Remote,USA,77860.9112908848,2.24888197552472
2023,122500,Senior-Level,Fully Remote,USA,77860.9112908848,1.5733183438136962
2023,82500,Senior-Level,Fully Remote,USA,77860.9112908848,1.0595817417520812
2023,217000,Mid-Level,Onsite,USA,77860.9112908848,2.787021066184262
2023,192000,Mid-Level,Onsite,USA,77860.9112908848,2.4659356898957525
2023,60000,Senior-Level,Onsite,USA,77860.9112908848,0.7706049030924227
2023,350000,Senior-Level,Onsite,USA,77860.9112908848,4.495195268039132
2023,234900,Senior-Level,Onsite,USA,77860.9112908848,3.0169181956068347
2023,113500,Senior-Level,Onsite,USA,77860.9112908848,1.4577276083498327
2023,385000,Senior-Level,Onsite,USA,77860.9112908848,4.944714794843045
2023,202500,Senior-Level,Onsite,USA,77860.9112908848,2.6007915479369266
2023,177500,Senior-Level,Onsite,USA,77860.9112908848,2.279706171648417
2023,155000,Senior-Level,Fully Remote,USA,77860.9112908848,1.9907293329887585
2023,310000,Senior-Level,Onsite,USA,77860.9112908848,3.981458665977517
2023,88000,Senior-Level,Fully Remote,USA,77860.9112908848,1.1302205245355532
2023,158000,Senior-Level,Fully Remote,USA,77860.9112908848,2.0292595781433795
2023,108000,Senior-Level,Fully Remote,USA,77860.9112908848,1.3870888255663607
2023,306000,Senior-Level,Fully Remote,USA,77860.9112908848,3.9300850057713554
2023,270000,Executive-Level,Fully Remote,USA,77860.9112908848,3.467722063915902
2023,200000,Executive-Level,Fully Remote,USA,77860.9112908848,2.5686830103080753
2023,188600,Senior-Level,Onsite,USA,77860.9112908848,2.4222680787205153
2023,111550,Senior-Level,Onsite,USA,77860.9112908848,1.4326829489993291
2023,360000,Senior-Level,Onsite,USA,77860.9112908848,4.623629418554536
2023,129100,Senior-Level,Onsite,USA,77860.9112908848,1.6580848831538628
2023,111400,Senior-Level,Onsite,USA,77860.9112908848,1.4307564367415981
2023,242921,Senior-Level,Onsite,USA,77860.9112908848,3.11993522773524
2023,170045,Senior-Level,Onsite,USA,77860.9112908848,2.1839585124391836
2023,156450,Entry-Level,Onsite,USA,77860.9112908848,2.009352284813492
2023,119200,Entry-Level,Onsite,USA,77860.9112908848,1.530935074143613
2023,88600,Senior-Level,Onsite,USA,77860.9112908848,1.1379265735664774
2023,207345,Senior-Level,Fully Remote,USA,77860.9112908848,2.6630178938616393
2023,180300,Senior-Level,Fully Remote,USA,77860.9112908848,2.31566773379273
2023,228045,Senior-Level,Fully Remote,USA,77860.9112908848,2.9288765854285255
2023,198300,Senior-Level,Fully Remote,USA,77860.9112908848,2.546849204720457
2023,194500,Senior-Level,Fully Remote,USA,77860.9112908848,2.4980442275246033
2023,132320,Senior-Level,Fully Remote,USA,77860.9112908848,1.6994406796198227
2023,223602,Senior-Level,Onsite,USA,77860.9112908848,2.8718132923545316
2023,143520,Senior-Level,Onsite,USA,77860.9112908848,1.843286928197075
2023,154000,Senior-Level,Onsite,USA,77860.9112908848,1.9778859179372181
2023,103000,Senior-Level,Onsite,USA,77860.9112908848,1.322871750308659
2023,140000,Executive-Level,Onsite,USA,77860.9112908848,1.7980781072156529
2023,296100,Senior-Level,Onsite,USA,77860.9112908848,3.802935196761106
2023,144500,Senior-Level,Onsite,USA,77860.9112908848,1.8558734749475845
2023,118600,Senior-Level,Onsite,USA,77860.9112908848,1.5232290251126888
2023,96800,Senior-Level,Onsite,USA,77860.9112908848,1.2432425769891084
2023,99500,Senior-Level,Onsite,USA,77860.9112908848,1.2779197976282675
2023,53300,Senior-Level,Onsite,USA,77860.9112908848,0.6845540222471022
2023,139600,Senior-Level,Onsite,USA,77860.9112908848,1.7929407411950367
2023,85700,Senior-Level,Onsite,USA,77860.9112908848,1.1006806699170104
2023,330000,Senior-Level,Fully Remote,USA,77860.9112908848,4.238326967008325
2023,106000,Senior-Level,Fully Remote,USA,77860.9112908848,1.36140199546328
2023,269100,Senior-Level,Onsite,USA,77860.9112908848,3.4561629903695157
2023,131300,Senior-Level,Onsite,USA,77860.9112908848,1.6863403962672516
2023,252990,Mid-Level,Fully Remote,USA,77860.9112908848,3.2492555738892
2023,162170,Mid-Level,Fully Remote,USA,77860.9112908848,2.082816618908303
2023,260000,Senior-Level,Fully Remote,USA,77860.9112908848,3.339287913400498
2023,212800,Senior-Level,Fully Remote,USA,77860.9112908848,2.733078722967792
2023,111600,Senior-Level,Fully Remote,USA,77860.9112908848,1.4333251197519061
2023,194521,Senior-Level,Onsite,USA,77860.9112908848,2.4983139392406857
2023,176838,Senior-Level,Onsite,USA,77860.9112908848,2.2712038308842972
2023,191765,Senior-Level,Onsite,USA,77860.9112908848,2.4629174873586406
2023,134236,Senior-Level,Onsite,USA,77860.9112908848,1.724048662858574
2023,198800,Senior-Level,Onsite,USA,77860.9112908848,2.553270912246227
2023,90700,Senior-Level,Onsite,USA,77860.9112908848,1.1648977451747122
2023,115500,Mid-Level,Onsite,USA,77860.9112908848,1.4834144384529135
2023,73500,Mid-Level,Onsite,USA,77860.9112908848,0.9439910062882177
2023,109000,Senior-Level,Onsite,USA,77860.9112908848,1.3999322406179011
2023,233300,Senior-Level,Onsite,USA,77860.9112908848,2.99636873152437
2023,155500,Senior-Level,Onsite,USA,77860.9112908848,1.9971510405145287
2023,306000,Senior-Level,Onsite,USA,77860.9112908848,3.9300850057713554
2023,117500,Senior-Level,Fully Remote,USA,77860.9112908848,1.5091012685559944
2023,86720,Senior-Level,Fully Remote,USA,77860.9112908848,1.1137809532695815
2023,90000,Executive-Level,Fully Remote,USA,77860.9112908848,1.155907354638634
2023,70000,Executive-Level,Fully Remote,USA,77860.9112908848,0.8990390536078264
2023,208450,Senior-Level,Onsite,USA,77860.9112908848,2.6772098674935916
2023,151600,Senior-Level,Onsite,USA,77860.9112908848,1.947061721813521
2023,155000,Mid-Level,Fully Remote,USA,77860.9112908848,1.9907293329887585
2023,135000,Mid-Level,Fully Remote,USA,77860.9112908848,1.733861031957951
2023,223250,Senior-Level,Onsite,USA,77860.9112908848,2.8672924102563893
2023,156275,Senior-Level,Onsite,USA,77860.9112908848,2.0071046871794724
2023,67500,Mid-Level,Onsite,USA,77860.9112908848,0.8669305159789755
2023,46500,Mid-Level,Onsite,USA,77860.9112908848,0.5972187998966275
2023,78000,Mid-Level,Onsite,USA,77860.9112908848,1.0017863740201494
2023,178200,Senior-Level,Fully Remote,USA,77860.9112908848,2.2886965621844952
2023,143000,Mid-Level,Onsite,USA,77860.9112908848,1.8366083523702739
2023,253430,Senior-Level,Onsite,USA,77860.9112908848,3.2549066765118777
2023,212780,Senior-Level,Onsite,USA,77860.9112908848,2.7328218546667613
2023,265800,Senior-Level,Fully Remote,USA,77860.9112908848,3.4137797206994325
2023,134000,Senior-Level,Fully Remote,USA,77860.9112908848,1.7210176169064106
2023,120681,Mid-Level,Fully Remote,USA,77860.9112908848,1.5499561718349444
2023,72409,Mid-Level,Fully Remote,USA,77860.9112908848,0.9299788404669872
2023,139750,Senior-Level,Fully Remote,USA,77860.9112908848,1.7948672534527677
2023,254000,Senior-Level,Fully Remote,USA,77860.9112908848,3.262227423091256
2023,272290,Senior-Level,Fully Remote,USA,77860.9112908848,3.4971334843839292
2023,169374,Senior-Level,Fully Remote,USA,77860.9112908848,2.1753405809396
2023,112200,Senior-Level,Onsite,USA,77860.9112908848,1.4410311687828303
2023,250500,Senior-Level,Onsite,USA,77860.9112908848,3.2172754704108644
2023,166600,Senior-Level,Onsite,USA,77860.9112908848,2.139712947586627
2023,223290,Senior-Level,Onsite,USA,77860.9112908848,2.867806146858451
2023,131310,Senior-Level,Onsite,USA,77860.9112908848,1.6864688304177669
2023,135960,Senior-Level,Onsite,USA,77860.9112908848,1.7461907104074297
2023,70960,Senior-Level,Onsite,USA,77860.9112908848,0.9113687320573052
2023,128750,Senior-Level,Onsite,USA,77860.9112908848,1.6535896878858236
2023,86250,Senior-Level,Onsite,USA,77860.9112908848,1.1077445481953576
2023,185100,Senior-Level,Fully Remote,USA,77860.9112908848,2.3773161260401237
2023,133300,Senior-Level,Fully Remote,USA,77860.9112908848,1.7120272263703322
2023,130000,Entry-Level,Fully Remote,USA,77860.9112908848,1.669643956700249
2023,204750,Senior-Level,Onsite,USA,77860.9112908848,2.6296892318028924
2023,153550,Senior-Level,Onsite,USA,77860.9112908848,1.972106381164025
2023,141000,Senior-Level,Onsite,USA,77860.9112908848,1.8109215222671933
2023,207611,Senior-Level,Onsite,USA,77860.9112908848,2.6664342422653493
2023,127876,Senior-Level,Onsite,USA,77860.9112908848,1.6423645431307774
2023,144500,Mid-Level,Fully Remote,USA,77860.9112908848,1.8558734749475845
2023,255360,Senior-Level,Onsite,USA,77860.9112908848,3.2796944675613506
2023,106400,Senior-Level,Onsite,USA,77860.9112908848,1.366539361483896
2023,69139,Mid-Level,Fully Remote,USA,77860.9112908848,0.8879808732484501
2023,300105,Senior-Level,Onsite,USA,77860.9112908848,3.854373074042525
2023,151090,Senior-Level,Onsite,USA,77860.9112908848,1.9405115801372357
2023,217600,Mid-Level,Onsite,USA,77860.9112908848,2.7947271152151862
2023,145000,Mid-Level,Onsite,USA,77860.9112908848,1.8622951824733547
2023,129000,Senior-Level,Fully Remote,USA,77860.9112908848,1.6568005416487086
2023,59500,Mid-Level,Onsite,USA,77860.9112908848,0.7641831955666525
2023,173400,Senior-Level,Onsite,USA,77860.9112908848,2.2270481699371016
2023,153000,Senior-Level,Fully Remote,USA,77860.9112908848,1.9650425028856777
2023,60000,Senior-Level,Fully Remote,THA,22243.0747727026,2.6974687903146326
2023,330000,Executive-Level,Onsite,USA,77860.9112908848,4.238326967008325
2023,188000,Executive-Level,Onsite,USA,77860.9112908848,2.414562029689591
2023,73000,Mid-Level,Fully Remote,USA,77860.9112908848,0.9375692987624475
2023,329500,Executive-Level,Fully Remote,USA,77860.9112908848,4.231905259482554
2023,269600,Executive-Level,Fully Remote,USA,77860.9112908848,3.4625846978952857
2023,185900,Mid-Level,Onsite,USA,77860.9112908848,2.387590858081356
2023,129300,Mid-Level,Onsite,USA,77860.9112908848,1.6606535661641708
2023,146000,Mid-Level,Onsite,USA,77860.9112908848,1.875138597524895
2023,147100,Senior-Level,Onsite,USA,77860.9112908848,1.8892663540815895
2023,257000,Senior-Level,Fully Remote,USA,77860.9112908848,3.300757668245877
2023,197000,Senior-Level,Fully Remote,USA,77860.9112908848,2.5301527651534546
2023,84800,Senior-Level,Onsite,USA,77860.9112908848,1.089121596370624
2023,340000,Senior-Level,Onsite,USA,77860.9112908848,4.366761117523728
2023,142400,Senior-Level,Onsite,USA,77860.9112908848,1.8289023033393497
2023,241300,Senior-Level,Onsite,USA,77860.9112908848,3.099116051936693
2023,211949,Senior-Level,Onsite,USA,77860.9112908848,2.7221489767589313
2023,123800,Senior-Level,Fully Remote,USA,77860.9112908848,1.5900147833806988
2023,142500,Senior-Level,Onsite,USA,77860.9112908848,1.8301866448445037
2023,330000,Senior-Level,Onsite,USA,77860.9112908848,4.238326967008325
2023,160000,Executive-Level,Fully Remote,USA,77860.9112908848,2.0549464082464604
2023,193600,Senior-Level,Onsite,USA,77860.9112908848,2.486485153978217
2023,130838,Senior-Level,Onsite,USA,77860.9112908848,1.6804067385134398
2023,225500,Senior-Level,Onsite,USA,77860.9112908848,2.896190094122355
2023,139400,Senior-Level,Onsite,USA,77860.9112908848,1.7903720581847287
2023,328133,Senior-Level,Onsite,USA,77860.9112908848,4.2143483111070985
2023,218755,Senior-Level,Onsite,USA,77860.9112908848,2.809561259599715
2023,250830,Senior-Level,Onsite,USA,77860.9112908848,3.221513797377873
2023,143370,Senior-Level,Onsite,USA,77860.9112908848,1.841360415939344
2023,203500,Senior-Level,Onsite,USA,77860.9112908848,2.613634962988467
2023,166500,Senior-Level,Onsite,USA,77860.9112908848,2.138428606081473
2023,148350,Senior-Level,Onsite,USA,77860.9112908848,1.905320622896015
2023,87400,Senior-Level,Onsite,USA,77860.9112908848,1.122514475504629
2023,157550,Senior-Level,Onsite,USA,77860.9112908848,2.0234800413701866
2023,104650,Senior-Level,Onsite,USA,77860.9112908848,1.3440633851437005
2023,139500,Senior-Level,Fully Remote,USA,77860.9112908848,1.7916563996898827
2023,118575,Senior-Level,Fully Remote,USA,77860.9112908848,1.5229079397364003
2023,129150,Senior-Level,Onsite,USA,77860.9112908848,1.6587270539064398
2023,98400,Senior-Level,Onsite,USA,77860.9112908848,1.263792041071573
2023,98010,Senior-Level,Onsite,USA,77860.9112908848,1.2587831092014723
2023,66825,Senior-Level,Onsite,USA,77860.9112908848,0.8582612108191857
2023,229000,Mid-Level,Onsite,USA,77860.9112908848,2.9411420468027463
2023,223800,Senior-Level,Onsite,USA,77860.9112908848,2.8743562885347362
2023,172100,Senior-Level,Onsite,USA,77860.9112908848,2.210351730370099
2023,148000,Senior-Level,Onsite,USA,77860.9112908848,1.900825427627976
2023,119700,Senior-Level,Onsite,USA,77860.9112908848,1.5373567816693832
2023,175750,Senior-Level,Onsite,USA,77860.9112908848,2.2572301953082214
2023,136742,Senior-Level,Onsite,USA,77860.9112908848,1.7562342609777344
2023,257400,Mid-Level,Onsite,USA,77860.9112908848,3.3058950342664932
2023,193500,Mid-Level,Onsite,USA,77860.9112908848,2.485200812473063
2023,228856,Senior-Level,Fully Remote,USA,77860.9112908848,2.9392925950353246
2023,144540,Senior-Level,Fully Remote,USA,77860.9112908848,1.856387211549646
2023,150600,Senior-Level,Fully Remote,USA,77860.9112908848,1.934218306761981
2023,172758,Senior-Level,Fully Remote,USA,77860.9112908848,2.2188026974740125
2023,194992,Senior-Level,Fully Remote,USA,77860.9112908848,2.5043631877299615
2023,213800,Senior-Level,Onsite,USA,77860.9112908848,2.7459221380193326
2023,180300,Senior-Level,Onsite,USA,77860.9112908848,2.31566773379273
2023,375500,Executive-Level,Fully Remote,USA,77860.9112908848,4.822702351853412
2023,250300,Executive-Level,Fully Remote,USA,77860.9112908848,3.2147067874005564
2023,262269,Senior-Level,Fully Remote,USA,77860.9112908848,3.3684296221524432
2023,230797,Senior-Level,Fully Remote,USA,77860.9112908848,2.9642216636503647
2023,147100,Mid-Level,Onsite,USA,77860.9112908848,1.8892663540815895
2023,90700,Mid-Level,Onsite,USA,77860.9112908848,1.1648977451747122
2023,73500,Senior-Level,Fully Remote,USA,77860.9112908848,0.9439910062882177
2023,158900,Senior-Level,Fully Remote,USA,77860.9112908848,2.040818651689766
2023,132400,Senior-Level,Fully Remote,USA,77860.9112908848,1.700468152823946
2023,163800,Senior-Level,Onsite,USA,77860.9112908848,2.103751385442314
2023,126000,Senior-Level,Onsite,USA,77860.9112908848,1.6182702964940876
2023,111967,Senior-Level,Fully Remote,USA,77860.9112908848,1.4380386530758213
2023,88000,Mid-Level,Onsite,USA,77860.9112908848,1.1302205245355532
2023,216027,Senior-Level,Fully Remote,USA,77860.9112908848,2.774524423339113
2023,101028,Senior-Level,Fully Remote,USA,77860.9112908848,1.2975445358270212
2023,309400,Senior-Level,Onsite,USA,77860.9112908848,3.9737526169465927
2023,159100,Senior-Level,Onsite,USA,77860.9112908848,2.043387334700074
2023,174350,Senior-Level,Fully Remote,USA,77860.9112908848,2.2392494142360646
2023,126800,Senior-Level,Fully Remote,USA,77860.9112908848,1.6285450285353198
2023,153300,Senior-Level,Fully Remote,USA,77860.9112908848,1.96889552740114
2023,104244,Senior-Level,Fully Remote,USA,77860.9112908848,1.3388489586327752
2023,122600,Senior-Level,Onsite,USA,77860.9112908848,1.5746026853188502
2023,385000,Senior-Level,Fully Remote,USA,77860.9112908848,4.944714794843045
2023,225000,Mid-Level,Onsite,USA,77860.9112908848,2.889768386596585
2023,131650,Senior-Level,Onsite,USA,77860.9112908848,1.6908355915352906
2023,105320,Senior-Level,Onsite,USA,77860.9112908848,1.3526684732282326
2023,151800,Senior-Level,Onsite,USA,77860.9112908848,1.9496304048238293
2023,112500,Senior-Level,Fully Remote,USA,77860.9112908848,1.4448841932982925
2023,65000,Senior-Level,Fully Remote,USA,77860.9112908848,0.8348219783501245
2023,55000,Senior-Level,Fully Remote,USA,77860.9112908848,0.7063878278347208
2023,165400,Senior-Level,Onsite,USA,77860.9112908848,2.1243008495247784
2023,126900,Mid-Level,Onsite,USA,77860.9112908848,1.6298293700404738
2023,77900,Mid-Level,Onsite,USA,77860.9112908848,1.0005020325149954
2023,110600,Senior-Level,Onsite,USA,77860.9112908848,1.4204817047003657
2023,140000,Entry-Level,Onsite,USA,77860.9112908848,1.7980781072156529
2023,239400,Senior-Level,Onsite,USA,77860.9112908848,3.0747135633387663
2023,136800,Senior-Level,Onsite,USA,77860.9112908848,1.7569791790507236
2023,171250,Senior-Level,Onsite,USA,77860.9112908848,2.19943482757629
2023,113750,Senior-Level,Onsite,USA,77860.9112908848,1.460938462112718
2023,142000,Senior-Level,Fully Remote,USA,77860.9112908848,1.8237649373187337
2023,194100,Senior-Level,Onsite,USA,77860.9112908848,2.4929068615039873
2023,152300,Senior-Level,Onsite,USA,77860.9112908848,1.9560521123495995
2023,157250,Senior-Level,Fully Remote,USA,77860.9112908848,2.019627016854724
2023,212000,Senior-Level,Fully Remote,USA,77860.9112908848,2.72280399092656
2023,194400,Senior-Level,Fully Remote,USA,77860.9112908848,2.4967598860194493
2023,132192,Senior-Level,Fully Remote,USA,77860.9112908848,1.6977967224932256
2023,174000,Senior-Level,Fully Remote,USA,77860.9112908848,2.2347542189680256
2023,152000,Mid-Level,Fully Remote,USA,77860.9112908848,1.9521990878341373
2023,144700,Senior-Level,Onsite,USA,77860.9112908848,1.8584421579578927
2023,265800,Executive-Level,Fully Remote,USA,77860.9112908848,3.4137797206994325
2023,177200,Executive-Level,Fully Remote,USA,77860.9112908848,2.275853147132955
2023,284310,Senior-Level,Onsite,USA,77860.9112908848,3.6515113333034446
2023,153090,Senior-Level,Onsite,USA,77860.9112908848,1.9661984102403163
2023,213210,Senior-Level,Fully Remote,USA,77860.9112908848,2.738344523138924
2023,102434,Senior-Level,Fully Remote,USA,77860.9112908848,1.315602377389487
2023,156400,Senior-Level,Fully Remote,USA,77860.9112908848,2.008710114060915
2023,233400,Senior-Level,Fully Remote,USA,77860.9112908848,2.997653073029524
2023,145300,Senior-Level,Fully Remote,USA,77860.9112908848,1.866148206988817
2023,248000,Senior-Level,Onsite,USA,77860.9112908848,3.1851669327820136
2023,149000,Senior-Level,Onsite,USA,77860.9112908848,1.9136688426795163
2023,120250,Senior-Level,Onsite,USA,77860.9112908848,1.5444206599477304
2023,152700,Mid-Level,Onsite,USA,77860.9112908848,1.9611894783702155
2023,139152,Mid-Level,Onsite,USA,77860.9112908848,1.7871868912519466
2023,82452,Mid-Level,Onsite,USA,77860.9112908848,1.0589652578296072
2023,145000,Executive-Level,Fully Remote,USA,77860.9112908848,1.8622951824733547
2023,269500,Senior-Level,Onsite,USA,77860.9112908848,3.4613003563901317
2023,295500,Executive-Level,Fully Remote,USA,77860.9112908848,3.7952291477301814
2023,165200,Executive-Level,Fully Remote,USA,77860.9112908848,2.1217321665144704
2023,235000,Mid-Level,Onsite,USA,77860.9112908848,3.0182025371119887
2023,144000,Senior-Level,Fully Remote,USA,77860.9112908848,1.8494517674218143
2023,160667,Senior-Level,Onsite,USA,77860.9112908848,2.063512966085838
2023,304200,Senior-Level,Onsite,USA,77860.9112908848,3.9069668586785826
2023,173800,Senior-Level,Onsite,USA,77860.9112908848,2.2321855359577176
2023,191765,Mid-Level,Onsite,USA,77860.9112908848,2.4629174873586406
2023,134326,Mid-Level,Onsite,USA,77860.9112908848,1.7252045702132128
2023,258384,Senior-Level,Fully Remote,USA,77860.9112908848,3.3185329546772087
2023,153100,Senior-Level,Fully Remote,USA,77860.9112908848,1.9663268443908317
2023,146200,Senior-Level,Onsite,USA,77860.9112908848,1.877707280535203
2023,116960,Senior-Level,Onsite,USA,77860.9112908848,1.5021658244281626
2023,72000,Senior-Level,Onsite,USA,77860.9112908848,0.9247258837109071
2023,84000,Mid-Level,Fully Remote,USA,77860.9112908848,1.0788468643293916
2023,94600,Entry-Level,Onsite,USA,77860.9112908848,1.2149870638757196
2023,86000,Entry-Level,Onsite,USA,77860.9112908848,1.1045336944324724
2023,104000,Senior-Level,Onsite,USA,77860.9112908848,1.3357151653601993
2023,173650,Senior-Level,Onsite,USA,77860.9112908848,2.2302590236999866
2023,35000,Mid-Level,Fully Remote,PHL,10131.346369794,3.4546247579048717
2023,94000,Executive-Level,Onsite,USA,77860.9112908848,1.2072810148447954
2023,97750,Senior-Level,Onsite,USA,77860.9112908848,1.2554438212880719
2023,252990,Entry-Level,Fully Remote,USA,77860.9112908848,3.2492555738892
2023,162170,Entry-Level,Fully Remote,USA,77860.9112908848,2.082816618908303
2023,216000,Senior-Level,Onsite,USA,77860.9112908848,2.7741776511327214
2023,67500,Entry-Level,Onsite,USA,77860.9112908848,0.8669305159789755
2023,265000,Senior-Level,Fully Remote,USA,77860.9112908848,3.4035049886582
2023,126277,Senior-Level,Fully Remote,USA,77860.9112908848,1.6218279224633643
2023,224500,Senior-Level,Onsite,USA,77860.9112908848,2.8833466790708147
2023,126900,Senior-Level,Onsite,USA,77860.9112908848,1.6298293700404738
2023,209000,Senior-Level,Onsite,USA,77860.9112908848,2.684273745771939
2023,112500,Senior-Level,Onsite,USA,77860.9112908848,1.4448841932982925
2023,214000,Senior-Level,Onsite,USA,77860.9112908848,2.7484908210296406
2023,205000,Senior-Level,Fully Remote,USA,77860.9112908848,2.6329000855657774
2023,178000,Senior-Level,Onsite,USA,77860.9112908848,2.2861278791741872
2023,109283,Senior-Level,Onsite,USA,77860.9112908848,1.403566927077487
2023,189000,Senior-Level,Onsite,USA,77860.9112908848,2.4274054447411313
2023,137000,Senior-Level,Onsite,USA,77860.9112908848,1.7595478620610316
2023,154500,Senior-Level,Fully Remote,USA,77860.9112908848,1.9843076254629883
2023,131325,Senior-Level,Fully Remote,USA,77860.9112908848,1.6866614816435401
2023,207500,Senior-Level,Fully Remote,USA,77860.9112908848,2.665008623194628
2023,172900,Senior-Level,Fully Remote,USA,77860.9112908848,2.220626462411331
2023,168400,Senior-Level,Onsite,USA,77860.9112908848,2.1628310946793996
2023,105200,Senior-Level,Onsite,USA,77860.9112908848,1.3511272634220477
2023,237000,Senior-Level,Onsite,USA,77860.9112908848,3.0438893672150695
2023,170112,Senior-Level,Onsite,USA,77860.9112908848,2.1848190212476366
2023,167310,Senior-Level,Onsite,USA,77860.9112908848,2.1488317722732204
2023,121000,Senior-Level,Fully Remote,USA,77860.9112908848,1.5540532212363856
2023,325000,Senior-Level,Fully Remote,USA,77860.9112908848,4.174109891750622
2023,155810,Mid-Level,Onsite,USA,77860.9112908848,2.0011324991805064
2023,106720,Mid-Level,Onsite,USA,77860.9112908848,1.370649254300389
2023,133000,Senior-Level,Fully Remote,USA,77860.9112908848,1.7081742018548702
2023,113000,Senior-Level,Fully Remote,USA,77860.9112908848,1.4513059008240627
2023,208400,Senior-Level,Fully Remote,USA,77860.9112908848,2.6765676967410146
2023,240500,Senior-Level,Onsite,USA,77860.9112908848,3.0888413198954607
2023,123700,Senior-Level,Onsite,USA,77860.9112908848,1.5887304418755446
2023,48915,Entry-Level,Onsite,USA,77860.9112908848,0.6282356472460976
2023,68000,Mid-Level,Onsite,USA,77860.9112908848,0.8733522235047456
2023,275500,Senior-Level,Onsite,USA,77860.9112908848,3.538360846699374
2023,102000,Senior-Level,Onsite,USA,77860.9112908848,1.3100283352571185
2023,228000,Senior-Level,Onsite,USA,77860.9112908848,2.928298631751206
2023,207611,Senior-Level,Fully Remote,USA,77860.9112908848,2.6664342422653493
2023,127876,Senior-Level,Fully Remote,USA,77860.9112908848,1.6423645431307774
2023,111000,Entry-Level,Onsite,USA,77860.9112908848,1.425619070720982
2023,81500,Mid-Level,Onsite,USA,77860.9112908848,1.0467383267005408
2023,97750,Mid-Level,Onsite,USA,77860.9112908848,1.2554438212880719
2023,132600,Entry-Level,Fully Remote,USA,77860.9112908848,1.703036835834254
2023,81500,Entry-Level,Fully Remote,USA,77860.9112908848,1.0467383267005408
2023,202400,Mid-Level,Onsite,USA,77860.9112908848,2.5995072064317726
2023,147200,Mid-Level,Onsite,USA,77860.9112908848,1.8905506955867435
2023,54000,Mid-Level,Fully Remote,USA,77860.9112908848,0.6935444127831804
2023,36000,Mid-Level,Fully Remote,USA,77860.9112908848,0.46236294185545357
2023,176000,Senior-Level,Fully Remote,USA,77860.9112908848,2.2604410490711064
2023,118720,Senior-Level,Fully Remote,USA,77860.9112908848,1.5247702349188736
2023,136000,Mid-Level,Fully Remote,USA,77860.9112908848,1.7467044470094912
2023,272300,Senior-Level,Onsite,USA,77860.9112908848,3.497261918534445
2023,222800,Senior-Level,Onsite,USA,77860.9112908848,2.8615128734831963
2023,172750,Senior-Level,Fully Remote,USA,77860.9112908848,2.2186999501536
2023,280600,Senior-Level,Onsite,USA,77860.9112908848,3.6038622634622297
2023,158600,Senior-Level,Onsite,USA,77860.9112908848,2.036965627174304
2023,283780,Senior-Level,Onsite,USA,77860.9112908848,3.6447043233261285
2023,218540,Senior-Level,Onsite,USA,77860.9112908848,2.806799925363634
2023,178500,Senior-Level,Onsite,USA,77860.9112908848,2.2925495866999572
2023,137700,Mid-Level,Fully Remote,USA,77860.9112908848,1.76853825259711
2023,65100,Mid-Level,Fully Remote,USA,77860.9112908848,0.8361063198552786
2023,44640,Mid-Level,Fully Remote,USA,77860.9112908848,0.5733300479007625
2023,161000,Mid-Level,Fully Remote,USA,77860.9112908848,2.0677898232980008
2023,123000,Mid-Level,Fully Remote,USA,77860.9112908848,1.5797400513394664
2023,65000,Senior-Level,Onsite,USA,77860.9112908848,0.8348219783501245
2023,252990,Senior-Level,Fully Remote,USA,77860.9112908848,3.2492555738892
2023,162170,Senior-Level,Fully Remote,USA,77860.9112908848,2.082816618908303
2023,310270,Senior-Level,Onsite,USA,77860.9112908848,3.984926388041433
2023,239080,Senior-Level,Onsite,USA,77860.9112908848,3.0706036705222735
2023,70000,Senior-Level,Fully Remote,USA,77860.9112908848,0.8990390536078264
2023,129562,Senior-Level,Fully Remote,DEU,69048.9884036885,1.876377959985855
2023,227850,Senior-Level,Fully Remote,USA,77860.9112908848,2.926372119493475
2023,180500,Senior-Level,Fully Remote,USA,77860.9112908848,2.318236416803038
2023,199000,Senior-Level,Fully Remote,USA,77860.9112908848,2.555839595256535
2023,159000,Senior-Level,Fully Remote,USA,77860.9112908848,2.04210299319492
2023,174350,Senior-Level,Onsite,USA,77860.9112908848,2.2392494142360646
2023,284050,Senior-Level,Onsite,USA,77860.9112908848,3.6481720453900444
2023,193800,Senior-Level,Onsite,USA,77860.9112908848,2.4890538369885253
2023,232989,Senior-Level,Fully Remote,USA,77860.9112908848,2.9923744294433408
2023,85000,Entry-Level,Fully Remote,CAN,63944.1050100687,1.3292859441322358
2023,150550,Senior-Level,Fully Remote,USA,77860.9112908848,1.9335761360094037
2023,116710,Senior-Level,Fully Remote,USA,77860.9112908848,1.4989549706652774
2023,167500,Executive-Level,Onsite,USA,77860.9112908848,2.151272021133013
2023,106500,Executive-Level,Onsite,USA,77860.9112908848,1.36782370298905
2023,181500,Mid-Level,Onsite,USA,77860.9112908848,2.3310798318545785
2023,127000,Mid-Level,Onsite,USA,77860.9112908848,1.631113711545628
2023,138000,Mid-Level,Onsite,USA,77860.9112908848,1.772391277112572
2023,122000,Mid-Level,Onsite,USA,77860.9112908848,1.566896636287926
2023,91270,Senior-Level,Onsite,USA,77860.9112908848,1.1722184917540903
2023,247000,Executive-Level,Fully Remote,USA,77860.9112908848,3.172323517730473
2023,118440,Executive-Level,Fully Remote,USA,77860.9112908848,1.5211740787044423
2023,138900,Mid-Level,Onsite,USA,77860.9112908848,1.7839503506589585
2023,138900,Senior-Level,Fully Remote,USA,77860.9112908848,1.7839503506589585
2023,90600,Senior-Level,Fully Remote,USA,77860.9112908848,1.1636134036695582
2023,315300,Senior-Level,Fully Remote,USA,77860.9112908848,4.049528765750681
2023,210200,Senior-Level,Fully Remote,USA,77860.9112908848,2.6996858438337874
2023,177000,Mid-Level,Onsite,USA,77860.9112908848,2.273284464122647
2023,55000,Mid-Level,Fully Remote,USA,77860.9112908848,0.7063878278347208
2023,183200,Mid-Level,Onsite,USA,77860.9112908848,2.3529136374421973
2023,122200,Mid-Level,Onsite,USA,77860.9112908848,1.5694653192982342
2023,150000,Mid-Level,Fully Remote,TUN,13618.5389918651,11.014397365943662
2023,131000,Senior-Level,Fully Remote,USA,77860.9112908848,1.6824873717517894
2023,101000,Senior-Level,Fully Remote,USA,77860.9112908848,1.297184920205578
2023,171050,Senior-Level,Fully Remote,USA,77860.9112908848,2.1968661445659814
2023,124400,Senior-Level,Fully Remote,USA,77860.9112908848,1.597720832411623
2023,288000,Senior-Level,Fully Remote,USA,77860.9112908848,3.6989035348436285
2023,189750,Senior-Level,Onsite,USA,77860.9112908848,2.4370380060297867
2023,252000,Senior-Level,Fully Remote,USA,77860.9112908848,3.236540592988175
2023,273000,Senior-Level,Onsite,USA,77860.9112908848,3.506252309070523
2023,45000,Entry-Level,Onsite,USA,77860.9112908848,0.577953677319317
2023,228830,Senior-Level,Onsite,USA,77860.9112908848,2.9389586662439844
2023,148590,Senior-Level,Onsite,USA,77860.9112908848,1.9084030425083847
2023,78000,Senior-Level,Onsite,USA,77860.9112908848,1.0017863740201494
2023,81900,Senior-Level,Onsite,USA,77860.9112908848,1.051875692721157
2023,109500,Senior-Level,Fully Remote,USA,77860.9112908848,1.4063539481436713
2023,238530,Senior-Level,Onsite,USA,77860.9112908848,3.063539792243926
2023,154700,Senior-Level,Onsite,USA,77860.9112908848,1.9868763084732963
2023,118900,Senior-Level,Onsite,USA,77860.9112908848,1.527082049628151
2023,232960,Senior-Level,Onsite,USA,77860.9112908848,2.992001970406846
2023,166400,Senior-Level,Onsite,USA,77860.9112908848,2.137144264576319
2023,156000,Mid-Level,Onsite,USA,77860.9112908848,2.0035727480402987
2023,138860,Senior-Level,Onsite,USA,77860.9112908848,1.783436614056897
2023,119610,Senior-Level,Onsite,USA,77860.9112908848,1.5362008743147446
2023,205485,Senior-Level,Onsite,USA,77860.9112908848,2.6391291418657743
2023,156560,Senior-Level,Onsite,USA,77860.9112908848,2.0107650604691614
2023,144100,Senior-Level,Fully Remote,USA,77860.9112908848,1.8507361089269683
2023,89100,Senior-Level,Fully Remote,USA,77860.9112908848,1.1443482810922476
2023,81900,Senior-Level,Fully Remote,USA,77860.9112908848,1.051875692721157
2023,201000,Senior-Level,Onsite,USA,77860.9112908848,2.5815264253596157
2023,141100,Senior-Level,Onsite,USA,77860.9112908848,1.8122058637723473
2023,130800,Senior-Level,Fully Remote,USA,77860.9112908848,1.6799186887414814
2023,87200,Senior-Level,Fully Remote,USA,77860.9112908848,1.1199457924943208
2023,238000,Senior-Level,Fully Remote,USA,77860.9112908848,3.05673278226661
2023,173000,Senior-Level,Fully Remote,USA,77860.9112908848,2.221910803916485
2023,299500,Senior-Level,Onsite,USA,77860.9112908848,3.846602807936343
2023,245100,Senior-Level,Onsite,USA,77860.9112908848,3.1479210291325463
2023,290000,Senior-Level,Fully Remote,USA,77860.9112908848,3.7245903649467094
2023,136994,Senior-Level,Fully Remote,USA,77860.9112908848,1.7594708015707226
2023,278300,Senior-Level,Onsite,USA,77860.9112908848,3.574322408843687
2023,205700,Senior-Level,Onsite,USA,77860.9112908848,2.641890476101856
2023,114000,Mid-Level,Fully Remote,USA,77860.9112908848,1.464149315875603
2023,184950,Senior-Level,Onsite,USA,77860.9112908848,2.3753896137823927
2023,119250,Senior-Level,Onsite,USA,77860.9112908848,1.53157724489619
2023,178500,Senior-Level,Fully Remote,USA,77860.9112908848,2.2925495866999572
2023,159090,Senior-Level,Fully Remote,USA,77860.9112908848,2.0432589005495587
2023,82000,Mid-Level,Onsite,USA,77860.9112908848,1.053160034226311
2023,149076,Senior-Level,Fully Remote,USA,77860.9112908848,1.9146449422234333
2023,82365,Senior-Level,Fully Remote,USA,77860.9112908848,1.0578478807201233
2023,194595,Senior-Level,Onsite,USA,77860.9112908848,2.4992643519545
2023,305000,Senior-Level,Onsite,USA,77860.9112908848,3.917241590719815
2023,205485,Senior-Level,Fully Remote,USA,77860.9112908848,2.6391291418657743
2023,156560,Senior-Level,Fully Remote,USA,77860.9112908848,2.0107650604691614
2023,78400,Senior-Level,Fully Remote,USA,77860.9112908848,1.0069237400407656
2023,130002,Executive-Level,Fully Remote,USA,77860.9112908848,1.6696696435303522
2023,71908,Executive-Level,Fully Remote,USA,77860.9112908848,0.9235442895261654
2023,38000,Senior-Level,Onsite,USA,77860.9112908848,0.48804977195853433
2023,218000,Senior-Level,Fully Remote,USA,77860.9112908848,2.7998644812358022
2023,235400,Senior-Level,Fully Remote,USA,77860.9112908848,3.0233399031326047
2023,108320,Senior-Level,Fully Remote,USA,77860.9112908848,1.3911987183828536
2023,115934,Senior-Level,Fully Remote,USA,77860.9112908848,1.4889884805852822
2023,81666,Senior-Level,Fully Remote,USA,77860.9112908848,1.0488703335990965
2023,79000,Mid-Level,Onsite,USA,77860.9112908848,1.0146297890716898
2023,285000,Senior-Level,Fully Remote,USA,77860.9112908848,3.6603732896890073
2023,200000,Mid-Level,Fully Remote,USA,77860.9112908848,2.5686830103080753
2023,275000,Mid-Level,Onsite,USA,77860.9112908848,3.5319391391736037
2023,122720,Senior-Level,Onsite,USA,77860.9112908848,1.576143895125035
2023,231500,Senior-Level,Onsite,USA,77860.9112908848,2.9732505844315975
2023,118000,Senior-Level,Onsite,USA,77860.9112908848,1.5155229760817646
2023,299500,Executive-Level,Fully Remote,USA,77860.9112908848,3.846602807936343
2023,249600,Executive-Level,Fully Remote,USA,77860.9112908848,3.2057163968644784
2023,267100,Senior-Level,Fully Remote,USA,77860.9112908848,3.430476160266435
2023,167200,Senior-Level,Fully Remote,USA,77860.9112908848,2.147418996617551
2023,188500,Senior-Level,Fully Remote,USA,77860.9112908848,2.4209837372153613
2023,117000,Senior-Level,Fully Remote,USA,77860.9112908848,1.5026795610302242
2023,150931,Senior-Level,Onsite,USA,77860.9112908848,1.9384694771440407
2023,143250,Senior-Level,Onsite,USA,77860.9112908848,1.839819206133159
2023,231000,Senior-Level,Fully Remote,USA,77860.9112908848,2.966828876905827
2023,232000,Senior-Level,Onsite,USA,77860.9112908848,2.9796722919573675
2023,184250,Senior-Level,Onsite,USA,77860.9112908848,2.3663992232463147
2023,154440,Senior-Level,Onsite,USA,77860.9112908848,1.983537020559896
2023,68550,Senior-Level,Onsite,USA,77860.9112908848,0.8804161017830928
2023,90000,Entry-Level,Onsite,USA,77860.9112908848,1.155907354638634
2023,235000,Senior-Level,Onsite,USA,77860.9112908848,3.0182025371119887
2023,223100,Senior-Level,Onsite,USA,77860.9112908848,2.8653658979986583
2023,114700,Senior-Level,Onsite,USA,77860.9112908848,1.4731397064116813
2023,152375,Mid-Level,Fully Remote,USA,77860.9112908848,1.957015368478465
2023,94000,Mid-Level,Fully Remote,USA,77860.9112908848,1.2072810148447954
2023,120350,Senior-Level,Onsite,USA,77860.9112908848,1.5457050014528844
2023,74400,Senior-Level,Onsite,USA,77860.9112908848,0.955550079834604
2023,258750,Senior-Level,Fully Remote,USA,77860.9112908848,3.3232336445860726
2023,172500,Senior-Level,Fully Remote,USA,77860.9112908848,2.2154890963907152
2023,109528,Senior-Level,Onsite,USA,77860.9112908848,1.4067135637651145
2023,93919,Senior-Level,Onsite,USA,77860.9112908848,1.2062406982256206
2023,186600,Senior-Level,Fully Remote,USA,77860.9112908848,2.3965812486174345
2023,119800,Senior-Level,Fully Remote,USA,77860.9112908848,1.5386411231745372
2023,383910,Senior-Level,Onsite,USA,77860.9112908848,4.930715472436867
2023,315850,Senior-Level,Onsite,USA,77860.9112908848,4.0565926440290285
2023,198000,Mid-Level,Fully Remote,USA,77860.9112908848,2.5429961802049945
2023,141600,Mid-Level,Fully Remote,USA,77860.9112908848,1.8186275712981175
2023,94400,Mid-Level,Fully Remote,USA,77860.9112908848,1.2124183808654116
2023,209450,Senior-Level,Fully Remote,USA,77860.9112908848,2.690053282545132
2023,167560,Senior-Level,Fully Remote,USA,77860.9112908848,2.1520426260361054
2023,52500,Entry-Level,Onsite,USA,77860.9112908848,0.6742792902058699
2023,149500,Senior-Level,Onsite,USA,77860.9112908848,1.9200905502052865
2023,116500,Senior-Level,Fully Remote,USA,77860.9112908848,1.496257853504454
2023,220000,Mid-Level,Fully Remote,USA,77860.9112908848,2.825551311338883
2023,166364,Senior-Level,Onsite,USA,77860.9112908848,2.1366819016344634
2023,116455,Senior-Level,Onsite,USA,77860.9112908848,1.4956798998271346
2023,76000,Mid-Level,Fully Remote,USA,77860.9112908848,0.9760995439170687
2023,166500,Senior-Level,Fully Remote,USA,77860.9112908848,2.138428606081473
2023,105700,Senior-Level,Fully Remote,USA,77860.9112908848,1.357548970947818
2023,67000,Senior-Level,Onsite,USA,77860.9112908848,0.8605088084532053
2023,211200,Senior-Level,Onsite,USA,77860.9112908848,2.712529258885328
2023,200000,Entry-Level,Fully Remote,USA,77860.9112908848,2.5686830103080753
2023,120000,Entry-Level,Fully Remote,USA,77860.9112908848,1.5412098061848454
2023,126500,Executive-Level,Fully Remote,USA,77860.9112908848,1.6246920040198578
2023,78000,Executive-Level,Fully Remote,USA,77860.9112908848,1.0017863740201494
2023,157750,Senior-Level,Onsite,USA,77860.9112908848,2.0260487243804945
2023,158080,Mid-Level,Onsite,USA,77860.9112908848,2.0302870513475026
2023,182000,Senior-Level,Fully Remote,USA,77860.9112908848,2.337501539380349
2023,252000,Senior-Level,Onsite,USA,77860.9112908848,3.236540592988175
2023,231000,Senior-Level,Onsite,USA,77860.9112908848,2.966828876905827
2023,200800,Senior-Level,Onsite,USA,77860.9112908848,2.5789577423493077
2023,159100,Senior-Level,Fully Remote,USA,77860.9112908848,2.043387334700074
2023,120160,Senior-Level,Fully Remote,USA,77860.9112908848,1.5432647525930918
2023,149094,Mid-Level,Onsite,USA,77860.9112908848,1.914876123694361
2023,290000,Executive-Level,Fully Remote,USA,77860.9112908848,3.7245903649467094
2023,72250,Senior-Level,Fully Remote,USA,77860.9112908848,0.9279367374737922
2023,162500,Executive-Level,Onsite,USA,77860.9112908848,2.087054945875311
2023,83000,Senior-Level,Fully Remote,USA,77860.9112908848,1.0660034492778514
2023,63967,Senior-Level,Fully Remote,USA,77860.9112908848,0.8215547306018833
2023,219300,Senior-Level,Onsite,USA,77860.9112908848,2.8165609208028046
2023,198900,Mid-Level,Onsite,USA,77860.9112908848,2.554555253751381
2023,183310,Mid-Level,Onsite,USA,77860.9112908848,2.3543264130978665
2023,392000,Senior-Level,Onsite,USA,77860.9112908848,5.034618700203828
2023,233000,Senior-Level,Onsite,USA,77860.9112908848,2.992515707008908
2023,199098,Senior-Level,Onsite,USA,77860.9112908848,2.557098249931586
2023,107000,Senior-Level,Fully Remote,USA,77860.9112908848,1.3742454105148203
2023,120681,Mid-Level,Onsite,USA,77860.9112908848,1.5499561718349444
2023,72409,Mid-Level,Onsite,USA,77860.9112908848,0.9299788404669872
2023,215936,Executive-Level,Fully Remote,BEL,69128.1388883843,3.1237062572833714
2023,178560,Senior-Level,Onsite,USA,77860.9112908848,2.29332019160305
2023,148800,Senior-Level,Onsite,USA,77860.9112908848,1.911100159669208
2023,167954,Executive-Level,Onsite,USA,77860.9112908848,2.1571029315664125
2023,115830,Executive-Level,Onsite,USA,77860.9112908848,1.4876527654199219
2023,189110,Senior-Level,Onsite,USA,77860.9112908848,2.428818220396801
2023,52000,Senior-Level,Onsite,USA,77860.9112908848,0.6678575826800996
2023,113220,Senior-Level,Onsite,USA,77860.9112908848,1.4541314521354016
2023,365630,Senior-Level,Onsite,USA,77860.9112908848,4.695937845294708
2023,229000,Senior-Level,Onsite,USA,77860.9112908848,2.9411420468027463
2023,86700,Senior-Level,Onsite,USA,77860.9112908848,1.1135240849685508
2023,192300,Senior-Level,Fully Remote,USA,77860.9112908848,2.4697887144112145
2023,153800,Senior-Level,Fully Remote,USA,77860.9112908848,1.9753172349269101
2023,131650,Mid-Level,Onsite,USA,77860.9112908848,1.6908355915352906
2023,105320,Mid-Level,Onsite,USA,77860.9112908848,1.3526684732282326
2023,126400,Senior-Level,Onsite,USA,77860.9112908848,1.6234076625147036
2023,160080,Senior-Level,Fully Remote,USA,77860.9112908848,2.0559738814505835
2023,146190,Senior-Level,Onsite,USA,77860.9112908848,1.8775788463846879
2023,175000,Mid-Level,Fully Remote,USA,77860.9112908848,2.247597634019566
2023,96000,Senior-Level,Fully Remote,USA,77860.9112908848,1.2329678449478763
2023,72000,Senior-Level,Fully Remote,USA,77860.9112908848,0.9247258837109071
2023,205150,Senior-Level,Fully Remote,USA,77860.9112908848,2.6348265978235084
2023,167850,Senior-Level,Fully Remote,USA,77860.9112908848,2.155767216401052
2023,222750,Senior-Level,Onsite,USA,77860.9112908848,2.8608707027306193
2023,182250,Senior-Level,Onsite,USA,77860.9112908848,2.340712393143234
2023,148594,Senior-Level,Onsite,USA,77860.9112908848,1.9084544161685908
2023,140250,Senior-Level,Fully Remote,USA,77860.9112908848,1.8012889609785379
2023,254500,Senior-Level,Fully Remote,USA,77860.9112908848,3.268649130617026
2023,130900,Senior-Level,Fully Remote,USA,77860.9112908848,1.6812030302466354
2023,124000,Senior-Level,Fully Remote,USA,77860.9112908848,1.5925834663910068
2023,234485,Senior-Level,Fully Remote,USA,77860.9112908848,3.0115881783604452
2023,112655,Senior-Level,Fully Remote,USA,77860.9112908848,1.4468749226312811
2023,125000,Entry-Level,Onsite,USA,77860.9112908848,1.6054268814425472
2023,184184,Senior-Level,Fully Remote,USA,77860.9112908848,2.3655515578529127
2023,167441,Senior-Level,Fully Remote,USA,77860.9112908848,2.1505142596449724
2023,204500,Executive-Level,Onsite,USA,77860.9112908848,2.6264783780400074
2023,84000,Entry-Level,Onsite,USA,77860.9112908848,1.0788468643293916
2023,202400,Senior-Level,Fully Remote,USA,77860.9112908848,2.5995072064317726
2023,147200,Senior-Level,Fully Remote,USA,77860.9112908848,1.8905506955867435
2023,191000,Senior-Level,Fully Remote,USA,77860.9112908848,2.453092274844212
2023,144800,Senior-Level,Onsite,USA,77860.9112908848,1.8597264994630467
2023,250000,Mid-Level,Fully Remote,USA,77860.9112908848,3.2108537628850944
2023,172900,Senior-Level,Onsite,USA,77860.9112908848,2.220626462411331
2023,144100,Senior-Level,Onsite,USA,77860.9112908848,1.8507361089269683
2023,101500,Senior-Level,Fully Remote,USA,77860.9112908848,1.3036066277313483
2023,83700,Senior-Level,Fully Remote,USA,77860.9112908848,1.0749938398139296
2023,283000,Senior-Level,Onsite,USA,77860.9112908848,3.634686459585927
2023,246500,Senior-Level,Onsite,USA,77860.9112908848,3.165901810204703
2023,133500,Senior-Level,Onsite,USA,77860.9112908848,1.7145959093806404
2023,284000,Senior-Level,Fully Remote,USA,77860.9112908848,3.6475298746374674
2023,191400,Senior-Level,Onsite,USA,77860.9112908848,2.458229640864828
2023,127600,Senior-Level,Onsite,USA,77860.9112908848,1.6388197605765522
2023,258000,Mid-Level,Onsite,USA,77860.9112908848,3.313601083297417
2023,151840,Senior-Level,Onsite,USA,77860.9112908848,1.9501441414258909
2023,163152,Senior-Level,Onsite,USA,77860.9112908848,2.0954288524889155
2023,108768,Senior-Level,Onsite,USA,77860.9112908848,1.3969525683259438
2023,285000,Senior-Level,Onsite,USA,77860.9112908848,3.6603732896890073
2023,193900,Senior-Level,Onsite,USA,77860.9112908848,2.4903381784936793
2023,345000,Senior-Level,Onsite,USA,77860.9112908848,4.4309781927814305
2023,234700,Senior-Level,Onsite,USA,77860.9112908848,3.0143495125965267
2023,100000,Senior-Level,Fully Remote,,40599.706536604936,2.463071990676568
2023,241000,Senior-Level,Onsite,USA,77860.9112908848,3.095263027421231
2023,221300,Senior-Level,Onsite,USA,77860.9112908848,2.8422477509058854
2023,147500,Senior-Level,Onsite,USA,77860.9112908848,1.8944037201022057
2023,94400,Senior-Level,Fully Remote,USA,77860.9112908848,1.2124183808654116
2023,130002,Entry-Level,Fully Remote,USA,77860.9112908848,1.6696696435303522
2023,71908,Entry-Level,Fully Remote,USA,77860.9112908848,0.9235442895261654
2023,116990,Senior-Level,Fully Remote,USA,77860.9112908848,1.5025511268797087
2023,82920,Senior-Level,Fully Remote,USA,77860.9112908848,1.064975976073728
2023,374000,Senior-Level,Onsite,USA,77860.9112908848,4.803437229276101
2023,20000,Mid-Level,Fully Remote,NGA,8304.9581050353,2.408199986929975
2023,119000,Senior-Level,Fully Remote,USA,77860.9112908848,1.528366391133305
2023,55720,Senior-Level,Fully Remote,USA,77860.9112908848,0.7156350866718298
2023,50700,Senior-Level,Fully Remote,USA,77860.9112908848,0.6511611431130971
2023,302000,Senior-Level,Onsite,USA,77860.9112908848,3.878711345565194
2023,93000,Senior-Level,Fully Remote,USA,77860.9112908848,1.194437599793255
2023,128750,Mid-Level,Onsite,USA,77860.9112908848,1.6535896878858236
2023,79350,Mid-Level,Onsite,USA,77860.9112908848,1.019124984339729
2023,273400,Senior-Level,Fully Remote,USA,77860.9112908848,3.5113896750911393
2023,182200,Senior-Level,Fully Remote,USA,77860.9112908848,2.340070222390657
2023,124230,Senior-Level,Fully Remote,USA,77860.9112908848,1.595537451852861
2023,68637,Senior-Level,Fully Remote,USA,77860.9112908848,0.8815334788925768
2023,204000,Mid-Level,Fully Remote,USA,77860.9112908848,2.620056670514237
2023,161500,Mid-Level,Fully Remote,USA,77860.9112908848,2.0742115308237707
2023,148750,Senior-Level,Onsite,USA,77860.9112908848,1.910457988916631
2023,287700,Senior-Level,Onsite,USA,77860.9112908848,3.6950505103281666
2023,227240,Senior-Level,Fully Remote,USA,77860.9112908848,2.918537636312035
2023,197600,Senior-Level,Fully Remote,USA,77860.9112908848,2.5378588141843785
2023,90000,Entry-Level,Fully Remote,IND,9207.12743040145,9.775035773136445
2023,237400,Mid-Level,Onsite,USA,77860.9112908848,3.0490267332356855
2023,158200,Mid-Level,Onsite,USA,77860.9112908848,2.0318282611536875
2023,267000,Senior-Level,Onsite,USA,77860.9112908848,3.429191818761281
2023,105000,Mid-Level,Fully Remote,USA,77860.9112908848,1.3485585804117397
2023,268000,Senior-Level,Fully Remote,USA,77860.9112908848,3.4420352338128213
2023,144628,Mid-Level,Onsite,USA,77860.9112908848,1.8575174320741816
2023,115702,Mid-Level,Onsite,USA,77860.9112908848,1.4860088082933247
2023,93500,Senior-Level,Fully Remote,USA,77860.9112908848,1.2008593073190252
2023,208200,Senior-Level,Fully Remote,USA,77860.9112908848,2.6739990137307066
2023,151200,Senior-Level,Fully Remote,USA,77860.9112908848,1.9419243557929051
2023,270000,Senior-Level,Onsite,USA,77860.9112908848,3.467722063915902
2023,194500,Executive-Level,Onsite,USA,77860.9112908848,2.4980442275246033
2023,115500,Executive-Level,Onsite,USA,77860.9112908848,1.4834144384529135
2023,50000,Entry-Level,Fully Remote,USA,77860.9112908848,0.6421707525770188
2023,40000,Entry-Level,Fully Remote,USA,77860.9112908848,0.5137366020616151
2023,280100,Senior-Level,Fully Remote,USA,77860.9112908848,3.5974405559364597
2023,168100,Senior-Level,Fully Remote,USA,77860.9112908848,2.1589780701639376
2023,149040,Senior-Level,Fully Remote,USA,77860.9112908848,1.9141825792815779
2023,113900,Senior-Level,Fully Remote,USA,77860.9112908848,1.462864974370449
2023,274450,Senior-Level,Onsite,USA,77860.9112908848,3.5248752608952567
2023,199600,Senior-Level,Onsite,USA,77860.9112908848,2.5635456442874593
2023,83500,Mid-Level,Onsite,USA,77860.9112908848,1.0724251568036216
2023,52500,Mid-Level,Onsite,USA,77860.9112908848,0.6742792902058699
2023,140700,Senior-Level,Fully Remote,USA,77860.9112908848,1.807068497751731
2023,109600,Senior-Level,Fully Remote,USA,77860.9112908848,1.4076382896488253
2023,278000,Senior-Level,Onsite,USA,77860.9112908848,3.570469384328225
2023,305000,Senior-Level,Fully Remote,USA,77860.9112908848,3.917241590719815
2023,24000,Entry-Level,Fully Remote,USA,77860.9112908848,0.30824196123696906
2023,71500,Senior-Level,Onsite,USA,77860.9112908848,0.9183041761851369
2023,215050,Senior-Level,Onsite,USA,77860.9112908848,2.761976406833758
2023,113100,Senior-Level,Onsite,USA,77860.9112908848,1.4525902423292167
2023,136505,Senior-Level,Fully Remote,USA,77860.9112908848,1.7531903716105193
2023,100895,Senior-Level,Fully Remote,USA,77860.9112908848,1.2958363616251665
2023,240000,Mid-Level,Fully Remote,USA,77860.9112908848,3.0824196123696908
2023,93000,Mid-Level,Fully Remote,USA,77860.9112908848,1.194437599793255
2023,317070,Senior-Level,Onsite,USA,77860.9112908848,4.072261610391908
2023,170730,Senior-Level,Onsite,USA,77860.9112908848,2.1927562517494885
2023,158700,Senior-Level,Onsite,USA,77860.9112908848,2.038249968679458
2023,123906,Senior-Level,Onsite,USA,77860.9112908848,1.591376185376162
2023,333500,Executive-Level,Onsite,USA,77860.9112908848,4.2832789196887155
2023,180500,Executive-Level,Onsite,USA,77860.9112908848,2.318236416803038
2023,257400,Executive-Level,Fully Remote,USA,77860.9112908848,3.3058950342664932
2023,210600,Executive-Level,Fully Remote,USA,77860.9112908848,2.7048232098544034
2023,260000,Executive-Level,Fully Remote,USA,77860.9112908848,3.339287913400498
2023,192000,Executive-Level,Fully Remote,USA,77860.9112908848,2.4659356898957525
2023,99000,Entry-Level,Fully Remote,USA,77860.9112908848,1.2714980901024973
2023,127600,Senior-Level,Fully Remote,USA,77860.9112908848,1.6388197605765522
2023,55000,Executive-Level,Fully Remote,USA,77860.9112908848,0.7063878278347208
2023,163000,Senior-Level,Onsite,USA,77860.9112908848,2.0934766534010816
2023,311000,Senior-Level,Onsite,USA,77860.9112908848,3.9943020810290575
2023,258750,Executive-Level,Onsite,USA,77860.9112908848,3.3232336445860726
2023,182850,Senior-Level,Fully Remote,USA,77860.9112908848,2.348418442174158
2023,126000,Mid-Level,Onsite,USA,77860.9112908848,1.6182702964940876
2023,86400,Mid-Level,Onsite,USA,77860.9112908848,1.1096710604530886
2023,232760,Senior-Level,Fully Remote,USA,77860.9112908848,2.989433287396538
2023,169280,Senior-Level,Fully Remote,USA,77860.9112908848,2.174133299924755
2023,162500,Mid-Level,Onsite,USA,77860.9112908848,2.087054945875311
2023,240350,Senior-Level,Fully Remote,USA,77860.9112908848,3.0869148076377297
2023,174800,Senior-Level,Fully Remote,USA,77860.9112908848,2.245028951009258
2023,153600,Senior-Level,Fully Remote,USA,77860.9112908848,1.972748551916602
2023,107500,Senior-Level,Fully Remote,USA,77860.9112908848,1.3806671180405905
2023,233200,Senior-Level,Fully Remote,USA,77860.9112908848,2.995084390019216
2023,150120,Senior-Level,Fully Remote,USA,77860.9112908848,1.9280534675372414
2023,120096,Senior-Level,Fully Remote,USA,77860.9112908848,1.5424427740297932
2023,142880,Senior-Level,Onsite,USA,77860.9112908848,1.8350671425640892
2023,151410,Mid-Level,Onsite,USA,77860.9112908848,1.9446214729537286
2023,144200,Mid-Level,Onsite,USA,77860.9112908848,1.8520204504321225
2023,151410,Entry-Level,Fully Remote,USA,77860.9112908848,1.9446214729537286
2023,115360,Entry-Level,Fully Remote,USA,77860.9112908848,1.481616360345698
2023,193170,Mid-Level,Onsite,USA,77860.9112908848,2.480962485506055
2023,116480,Mid-Level,Onsite,USA,77860.9112908848,1.496000985203423
2023,329500,Executive-Level,Onsite,USA,77860.9112908848,4.231905259482554
2023,269600,Executive-Level,Onsite,USA,77860.9112908848,3.4625846978952857
2023,159500,Senior-Level,Onsite,USA,77860.9112908848,2.0485247007206904
2023,94035,Entry-Level,Fully Remote,USA,77860.9112908848,1.2077305343715994
2023,57920,Entry-Level,Fully Remote,USA,77860.9112908848,0.7438905997852187
2023,113600,Senior-Level,Onsite,USA,77860.9112908848,1.459011949854987
2023,256000,Senior-Level,Fully Remote,USA,77860.9112908848,3.2879142531943364
2023,283200,Senior-Level,Onsite,USA,77860.9112908848,3.637255142596235
2023,188800,Senior-Level,Onsite,USA,77860.9112908848,2.4248367617308233
2023,205640,Senior-Level,Onsite,USA,77860.9112908848,2.641119871198763
2023,193200,Senior-Level,Fully Remote,USA,77860.9112908848,2.481347787957601
2023,328000,Senior-Level,Onsite,USA,77860.9112908848,4.212640136905244
2023,237000,Senior-Level,Fully Remote,USA,77860.9112908848,3.0438893672150695
2023,201450,Senior-Level,Fully Remote,USA,77860.9112908848,2.587305962132809
2023,183750,Senior-Level,Onsite,USA,77860.9112908848,2.3599775157205443
2023,285800,Senior-Level,Onsite,USA,77860.9112908848,3.6706480217302397
2023,154600,Senior-Level,Onsite,USA,77860.9112908848,1.9855919669681423
2023,289120,Senior-Level,Onsite,USA,77860.9112908848,3.713288159701354
2023,192400,Senior-Level,Onsite,USA,77860.9112908848,2.4710730559163685
2023,258000,Mid-Level,Fully Remote,USA,77860.9112908848,3.313601083297417
2023,92000,Senior-Level,Fully Remote,USA,77860.9112908848,1.1815941847417146
2023,83200,Entry-Level,Hybrid,USA,77860.9112908848,1.0685721322881594
2023,136600,Senior-Level,Fully Remote,USA,77860.9112908848,1.7544104960404154
2023,109280,Senior-Level,Fully Remote,USA,77860.9112908848,1.4035283968323324
2023,70000,Mid-Level,Fully Remote,EGY,17526.8017030166,3.9938832643922733
2023,281000,Senior-Level,Onsite,USA,77860.9112908848,3.608999629482846
2023,69500,Entry-Level,Fully Remote,USA,77860.9112908848,0.8926173460820562
2023,69525,Entry-Level,Fully Remote,USA,77860.9112908848,0.8929384314583447
2023,40000,Entry-Level,Fully Remote,UZB,10292.5309427485,3.886313310350706
2023,130001,Entry-Level,Fully Remote,USA,77860.9112908848,1.6696568001153005
2023,71907,Entry-Level,Fully Remote,USA,77860.9112908848,0.9235314461111139
2023,142200,Executive-Level,Onsite,USA,77860.9112908848,1.8263336203290417
2023,60000,Entry-Level,Fully Remote,ARG,29808.8073468007,2.01282793041499
2023,277500,Senior-Level,Onsite,USA,77860.9112908848,3.564047676802455
2023,236500,Senior-Level,Onsite,USA,77860.9112908848,3.037467659689299
2023,100000,Entry-Level,Hybrid,DEU,69048.9884036885,1.4482471403543131
2023,323905,Senior-Level,Fully Remote,FRA,57042.9449013772,5.6782657445194396
2023,55000,Senior-Level,Onsite,USA,77860.9112908848,0.7063878278347208
2023,217000,Senior-Level,Fully Remote,USA,77860.9112908848,2.787021066184262
2023,208450,Senior-Level,Fully Remote,USA,77860.9112908848,2.6772098674935916
2023,170550,Senior-Level,Fully Remote,USA,77860.9112908848,2.1904444370402114
2023,165000,Entry-Level,Onsite,USA,77860.9112908848,2.1191634835041624
2023,145000,Entry-Level,Onsite,USA,77860.9112908848,1.8622951824733547
2023,336400,Executive-Level,Onsite,USA,77860.9112908848,4.320524823338183
2023,201900,Executive-Level,Onsite,USA,77860.9112908848,2.593085498906002
2023,189750,Mid-Level,Onsite,USA,77860.9112908848,2.4370380060297867
2023,131100,Mid-Level,Onsite,USA,77860.9112908848,1.6837717132569434
2023,270000,Mid-Level,Fully Remote,USA,77860.9112908848,3.467722063915902
2023,117300,Mid-Level,Onsite,USA,77860.9112908848,1.5065325855456864
2023,244000,Mid-Level,Onsite,USA,77860.9112908848,3.133793272575852
2023,186600,Mid-Level,Fully Remote,USA,77860.9112908848,2.3965812486174345
2023,116500,Mid-Level,Fully Remote,USA,77860.9112908848,1.496257853504454
2023,292000,Senior-Level,Fully Remote,USA,77860.9112908848,3.75027719504979
2023,164500,Senior-Level,Fully Remote,USA,77860.9112908848,2.112741775978392
2023,292200,Senior-Level,Fully Remote,USA,77860.9112908848,3.752845878060098
2023,225000,Executive-Level,Fully Remote,USA,77860.9112908848,2.889768386596585
2023,175000,Executive-Level,Fully Remote,USA,77860.9112908848,2.247597634019566
2023,123400,Senior-Level,Fully Remote,USA,77860.9112908848,1.5848774173600826
2023,82200,Senior-Level,Fully Remote,USA,77860.9112908848,1.055728717236619
2023,161800,Senior-Level,Onsite,USA,77860.9112908848,2.078064555339233
2023,98000,Senior-Level,Onsite,USA,77860.9112908848,1.258654675050957
2023,87500,Senior-Level,Onsite,USA,77860.9112908848,1.123798817009783
2023,231250,Senior-Level,Fully Remote,USA,77860.9112908848,2.970039730668712
2023,138750,Senior-Level,Fully Remote,USA,77860.9112908848,1.7820238384012275
2023,195000,Mid-Level,Onsite,USA,77860.9112908848,2.5044659350503737
2023,155000,Entry-Level,Onsite,USA,77860.9112908848,1.9907293329887585
2023,183924,Senior-Level,Onsite,USA,77860.9112908848,2.3622122699395125
2023,125760,Senior-Level,Onsite,USA,77860.9112908848,1.6151878768817178
2023,30000,Mid-Level,Fully Remote,USA,77860.9112908848,0.38530245154621134
2023,25500,Mid-Level,Fully Remote,USA,77860.9112908848,0.3275070838142796
2023,213660,Entry-Level,Onsite,USA,77860.9112908848,2.744124059912117
2023,130760,Entry-Level,Onsite,USA,77860.9112908848,1.6794049521394196
2023,253200,Senior-Level,Onsite,USA,77860.9112908848,3.2519526910500236
2023,342810,Senior-Level,Onsite,USA,77860.9112908848,4.402851113818556
2023,184590,Senior-Level,Onsite,USA,77860.9112908848,2.3707659843638385
2023,105380,Mid-Level,Onsite,USA,77860.9112908848,1.353439078131325
2023,64500,Mid-Level,Onsite,USA,77860.9112908848,0.8284002708243543
2023,204620,Entry-Level,Onsite,USA,77860.9112908848,2.628019587846192
2023,110680,Entry-Level,Onsite,USA,77860.9112908848,1.421509177904489
2023,270703,Senior-Level,Onsite,USA,77860.9112908848,3.476750984697135
2023,221484,Senior-Level,Onsite,USA,77860.9112908848,2.844610939275369
2023,212750,Senior-Level,Fully Remote,USA,77860.9112908848,2.732436552215215
2023,218500,Senior-Level,Fully Remote,USA,77860.9112908848,2.8062861887615727
2023,199098,Senior-Level,Fully Remote,USA,77860.9112908848,2.557098249931586
2023,203300,Senior-Level,Fully Remote,USA,77860.9112908848,2.6110662799781585
2023,123600,Senior-Level,Fully Remote,USA,77860.9112908848,1.5874461003703906
2023,231500,Senior-Level,Fully Remote,USA,77860.9112908848,2.9732505844315975
2023,166000,Senior-Level,Fully Remote,USA,77860.9112908848,2.132006898555703
2023,110500,Senior-Level,Fully Remote,USA,77860.9112908848,1.4191973631952117
2023,193500,Senior-Level,Fully Remote,USA,77860.9112908848,2.485200812473063
2023,150000,Senior-Level,Fully Remote,PRT,45250.0148759865,3.3149160372895867
2023,163196,Entry-Level,Onsite,USA,77860.9112908848,2.095993962751183
2023,145885,Entry-Level,Onsite,USA,77860.9112908848,1.873661604793968
2023,179170,Senior-Level,Onsite,USA,77860.9112908848,2.3011546747844895
2023,94300,Senior-Level,Onsite,USA,77860.9112908848,1.2111340393602577
2023,152500,Senior-Level,Onsite,USA,77860.9112908848,1.9586207953599075
2023,116450,Senior-Level,Onsite,USA,77860.9112908848,1.495615682751877
2023,133800,Senior-Level,Onsite,USA,77860.9112908848,1.7184489338961024
2023,220000,Entry-Level,Hybrid,USA,77860.9112908848,2.825551311338883
2023,283200,Senior-Level,Fully Remote,USA,77860.9112908848,3.637255142596235
2023,188800,Senior-Level,Fully Remote,USA,77860.9112908848,2.4248367617308233
2023,161800,Senior-Level,Fully Remote,USA,77860.9112908848,2.078064555339233
2023,141600,Senior-Level,Fully Remote,USA,77860.9112908848,1.8186275712981175
2023,342300,Senior-Level,Onsite,USA,77860.9112908848,4.396300972142271
2023,176100,Senior-Level,Onsite,USA,77860.9112908848,2.2617253905762604
2023,138784,Senior-Level,Fully Remote,USA,77860.9112908848,1.7824605145129797
2023,83270,Senior-Level,Fully Remote,USA,77860.9112908848,1.0694711713417673
2023,318300,Senior-Level,Fully Remote,USA,77860.9112908848,4.088059010905302
2023,212200,Senior-Level,Fully Remote,USA,77860.9112908848,2.725372673936868
2023,143200,Senior-Level,Onsite,USA,77860.9112908848,1.839177035380582
2023,105000,Mid-Level,Hybrid,USA,77860.9112908848,1.3485585804117397
2023,75000,Entry-Level,Fully Remote,USA,77860.9112908848,0.9632561288655282
2023,205000,Executive-Level,Onsite,USA,77860.9112908848,2.6329000855657774
2023,162500,Senior-Level,Onsite,USA,77860.9112908848,2.087054945875311
2023,115000,Executive-Level,Onsite,USA,77860.9112908848,1.4769927309271433
2023,148500,Senior-Level,Onsite,USA,77860.9112908848,1.907247135153746
2023,152900,Senior-Level,Fully Remote,USA,77860.9112908848,1.9637581613805237
2023,117100,Senior-Level,Fully Remote,USA,77860.9112908848,1.5039639025353781
2023,175000,Executive-Level,Onsite,USA,77860.9112908848,2.247597634019566
2023,110000,Executive-Level,Onsite,USA,77860.9112908848,1.4127756556694415
2023,149500,Senior-Level,Fully Remote,USA,77860.9112908848,1.9200905502052865
2023,127075,Senior-Level,Fully Remote,USA,77860.9112908848,1.6320769676744935
2023,219535,Senior-Level,Fully Remote,USA,77860.9112908848,2.8195791233399166
2023,146115,Senior-Level,Fully Remote,USA,77860.9112908848,1.8766155902558221
2023,221000,Executive-Level,Fully Remote,USA,77860.9112908848,2.8383947263904235
2023,153000,Executive-Level,Fully Remote,USA,77860.9112908848,1.9650425028856777
2023,86000,Senior-Level,Fully Remote,USA,77860.9112908848,1.1045336944324724
2023,106000,Senior-Level,Onsite,USA,77860.9112908848,1.36140199546328
2023,280700,Mid-Level,Fully Remote,USA,77860.9112908848,3.6051466049673837
2023,150450,Mid-Level,Fully Remote,USA,77860.9112908848,1.9322917945042497
2023,93918,Mid-Level,Fully Remote,USA,77860.9112908848,1.2062278548105692
2023,51962,Mid-Level,Fully Remote,USA,77860.9112908848,0.667369532908141
2023,257000,Senior-Level,Onsite,USA,77860.9112908848,3.300757668245877
2023,304000,Senior-Level,Fully Remote,USA,77860.9112908848,3.9043981756682746
2023,183600,Senior-Level,Onsite,USA,77860.9112908848,2.3580510034628133
2023,289076,Senior-Level,Onsite,USA,77860.9112908848,3.712723049439086
2023,202353,Senior-Level,Onsite,USA,77860.9112908848,2.59890356592435
2023,157750,Senior-Level,Fully Remote,USA,77860.9112908848,2.0260487243804945
2023,104650,Senior-Level,Fully Remote,USA,77860.9112908848,1.3440633851437005
2023,181000,Senior-Level,Onsite,USA,77860.9112908848,2.3246581243288085
2023,155000,Executive-Level,Onsite,USA,77860.9112908848,1.9907293329887585
2023,64200,Entry-Level,Fully Remote,USA,77860.9112908848,0.8245472463088922
2023,56100,Entry-Level,Fully Remote,USA,77860.9112908848,0.7205155843914152
2023,100500,Senior-Level,Onsite,USA,77860.9112908848,1.2907632126798079
2023,182500,Mid-Level,Onsite,USA,77860.9112908848,2.343923246906119
2023,121500,Mid-Level,Onsite,USA,77860.9112908848,1.5604749287621558
2023,203100,Senior-Level,Onsite,USA,77860.9112908848,2.6084975969678506
2023,114500,Senior-Level,Onsite,USA,77860.9112908848,1.4705710234013731
2023,92700,Entry-Level,Fully Remote,USA,77860.9112908848,1.190584575277793
2023,286000,Executive-Level,Fully Remote,USA,77860.9112908848,3.6732167047405477
2023,207000,Executive-Level,Fully Remote,USA,77860.9112908848,2.658586915668858
2023,210000,Mid-Level,Fully Remote,USA,77860.9112908848,2.6971171608234794
2023,151800,Mid-Level,Fully Remote,USA,77860.9112908848,1.9496304048238293
2023,124000,Mid-Level,Fully Remote,USA,77860.9112908848,1.5925834663910068
2023,124500,Senior-Level,Onsite,USA,77860.9112908848,1.599005173916777
2023,148700,Senior-Level,Onsite,USA,77860.9112908848,1.909815818164054
2023,120250,Senior-Level,Fully Remote,USA,77860.9112908848,1.5444206599477304
2023,183000,Senior-Level,Fully Remote,USA,77860.9112908848,2.350344954431889
2023,135000,Mid-Level,Hybrid,USA,77860.9112908848,1.733861031957951
2023,143865,Mid-Level,Onsite,USA,77860.9112908848,1.8477179063898563
2023,115092,Mid-Level,Onsite,USA,77860.9112908848,1.478174325111885
2023,208049,Senior-Level,Onsite,USA,77860.9112908848,2.672059658057924
2023,149600,Mid-Level,Onsite,USA,77860.9112908848,1.9213748917104405
2023,190000,Entry-Level,Onsite,USA,77860.9112908848,2.4402488597926717
2023,265000,Executive-Level,Onsite,USA,77860.9112908848,3.4035049886582
2023,235000,Executive-Level,Onsite,USA,77860.9112908848,3.0182025371119887
2023,60400,Mid-Level,Fully Remote,USA,77860.9112908848,0.7757422691130388
2023,83500,Mid-Level,Fully Remote,USA,77860.9112908848,1.0724251568036216
2023,52500,Mid-Level,Fully Remote,USA,77860.9112908848,0.6742792902058699
2023,201036,Senior-Level,Onsite,USA,77860.9112908848,2.581988788301471
2023,134024,Senior-Level,Onsite,USA,77860.9112908848,1.7213258588676474
2023,58000,Entry-Level,Fully Remote,USA,77860.9112908848,0.7449180729893419
2023,109400,Senior-Level,Onsite,USA,77860.9112908848,1.4050696066385173
2023,239748,Senior-Level,Onsite,USA,77860.9112908848,3.0791830717767024
2023,159832,Senior-Level,Onsite,USA,77860.9112908848,2.0527887145178014
2023,186300,Senior-Level,Fully Remote,USA,77860.9112908848,2.3927282241019725
2023,102500,Senior-Level,Fully Remote,USA,77860.9112908848,1.3164500427828887
2023,106800,Senior-Level,Fully Remote,USA,77860.9112908848,1.3716767275045123
2023,172600,Senior-Level,Fully Remote,USA,77860.9112908848,2.2167734378958692
2023,107900,Senior-Level,Fully Remote,USA,77860.9112908848,1.3858044840612067
2023,180180,Senior-Level,Onsite,USA,77860.9112908848,2.314126523986545
2023,106020,Senior-Level,Onsite,USA,77860.9112908848,1.3616588637643108
2023,376080,Senior-Level,Fully Remote,USA,77860.9112908848,4.830151532583305
2023,213120,Senior-Level,Fully Remote,USA,77860.9112908848,2.737188615784285
2023,206500,Senior-Level,Fully Remote,USA,77860.9112908848,2.6521652081430878
2023,121600,Senior-Level,Fully Remote,USA,77860.9112908848,1.56175927026731
2023,95000,Entry-Level,Fully Remote,USA,77860.9112908848,1.2201244298963358
2023,206000,Mid-Level,Onsite,USA,77860.9112908848,2.645743500617318
2023,87000,Senior-Level,Onsite,USA,77860.9112908848,1.1173771094840128
2023,115100,Entry-Level,Onsite,USA,77860.9112908848,1.4782770724322973
2023,73900,Entry-Level,Onsite,USA,77860.9112908848,0.9491283723088338
2023,141288,Senior-Level,Onsite,USA,77860.9112908848,1.8146204258020369
2023,94192,Senior-Level,Onsite,USA,77860.9112908848,1.2097469505346912
2023,147000,Mid-Level,Onsite,USA,77860.9112908848,1.8879820125764355
2023,210914,Executive-Level,Fully Remote,USA,77860.9112908848,2.708856042180587
2023,116704,Executive-Level,Fully Remote,USA,77860.9112908848,1.4988779101749683
2023,185700,Mid-Level,Onsite,USA,77860.9112908848,2.385022175071048
2023,136850,Senior-Level,Fully Remote,USA,77860.9112908848,1.7576213498033006
2023,276000,Senior-Level,Fully Remote,USA,77860.9112908848,3.544782554225144
2023,106250,Mid-Level,Onsite,USA,77860.9112908848,1.364612849226165
2023,104500,Mid-Level,Onsite,USA,77860.9112908848,1.3421368728859695
2023,210550,Senior-Level,Onsite,USA,77860.9112908848,2.7041810391018264
2023,153300,Senior-Level,Onsite,USA,77860.9112908848,1.96889552740114
2023,161500,Senior-Level,Fully Remote,USA,77860.9112908848,2.0742115308237707
2023,119500,Senior-Level,Fully Remote,USA,77860.9112908848,1.5347880986590752
2023,146300,Senior-Level,Onsite,USA,77860.9112908848,1.8789916220403573
2023,153400,Senior-Level,Onsite,USA,77860.9112908848,1.970179868906294
2023,122700,Senior-Level,Onsite,USA,77860.9112908848,1.5758870268240044
2023,340000,Mid-Level,Fully Remote,USA,77860.9112908848,4.366761117523728
2023,121700,Senior-Level,Onsite,USA,77860.9112908848,1.563043611772464
2023,100000,Entry-Level,Fully Remote,UZB,10292.5309427485,9.715783275876765
2023,310000,Executive-Level,Fully Remote,USA,77860.9112908848,3.981458665977517
2023,239000,Executive-Level,Fully Remote,USA,77860.9112908848,3.0695761973181503
2023,149076,Senior-Level,Onsite,USA,77860.9112908848,1.9146449422234333
2023,82365,Senior-Level,Onsite,USA,77860.9112908848,1.0578478807201233
2023,97750,Mid-Level,Fully Remote,USA,77860.9112908848,1.2554438212880719
2023,116990,Mid-Level,Fully Remote,USA,77860.9112908848,1.5025511268797087
2023,82920,Mid-Level,Fully Remote,USA,77860.9112908848,1.064975976073728
2023,205920,Mid-Level,Onsite,USA,77860.9112908848,2.6447160274131947
2023,171600,Mid-Level,Onsite,USA,77860.9112908848,2.203930022844329
2023,121500,Senior-Level,Fully Remote,USA,77860.9112908848,1.5604749287621558
2023,122000,Senior-Level,Fully Remote,USA,77860.9112908848,1.566896636287926
2023,93800,Senior-Level,Fully Remote,USA,77860.9112908848,1.2047123318344874
2023,152380,Senior-Level,Onsite,USA,77860.9112908848,1.9570795855537226
2023,121904,Senior-Level,Onsite,USA,77860.9112908848,1.565663668442978
2023,128280,Senior-Level,Onsite,USA,77860.9112908848,1.6475532828115995
2023,106900,Senior-Level,Onsite,USA,77860.9112908848,1.3729610690096663
2023,170500,Senior-Level,Fully Remote,USA,77860.9112908848,2.1898022662876344
2023,124740,Senior-Level,Onsite,USA,77860.9112908848,1.6020875935291468
2023,65488,Senior-Level,Onsite,USA,77860.9112908848,0.8410895648952762
2023,72200,Senior-Level,Onsite,USA,77860.9112908848,0.9272945667212152
2023,64980,Senior-Level,Onsite,USA,77860.9112908848,0.8345651100490937
2023,179975,Senior-Level,Fully Remote,USA,77860.9112908848,2.3114936239009793
2023,86466,Senior-Level,Fully Remote,USA,77860.9112908848,1.1105187258464904
2023,205920,Senior-Level,Onsite,USA,77860.9112908848,2.6447160274131947
2023,171600,Senior-Level,Onsite,USA,77860.9112908848,2.203930022844329
2023,265000,Senior-Level,Onsite,USA,77860.9112908848,3.4035049886582
2023,167580,Senior-Level,Onsite,USA,77860.9112908848,2.1522994943371363
2023,87980,Senior-Level,Onsite,USA,77860.9112908848,1.1299636562345223
2023,197000,Senior-Level,Onsite,USA,77860.9112908848,2.5301527651534546
2023,300240,Senior-Level,Onsite,USA,77860.9112908848,3.8561069350744828
2023,200160,Senior-Level,Onsite,USA,77860.9112908848,2.570737956716322
2023,55000,Entry-Level,Onsite,USA,77860.9112908848,0.7063878278347208
2023,48000,Entry-Level,Onsite,USA,77860.9112908848,0.6164839224739381
2023,137500,Senior-Level,Fully Remote,USA,77860.9112908848,1.7659695695868018
2023,81500,Senior-Level,Fully Remote,USA,77860.9112908848,1.0467383267005408
2023,186000,Senior-Level,Fully Remote,USA,77860.9112908848,2.38887519958651
2023,153088,Senior-Level,Fully Remote,USA,77860.9112908848,1.9661727234102133
2023,66000,Senior-Level,Fully Remote,USA,77860.9112908848,0.8476653934016649
2023,148500,Mid-Level,Onsite,USA,77860.9112908848,1.907247135153746
2023,126277,Mid-Level,Onsite,USA,77860.9112908848,1.6218279224633643
2023,259000,Senior-Level,Fully Remote,USA,77860.9112908848,3.3264444983489576
2023,215050,Senior-Level,Fully Remote,USA,77860.9112908848,2.761976406833758
2023,114000,Senior-Level,Fully Remote,USA,77860.9112908848,1.464149315875603
2023,209300,Senior-Level,Fully Remote,USA,77860.9112908848,2.688126770287401
2023,227000,Senior-Level,Onsite,USA,77860.9112908848,2.9154552166996655
2023,50000,Entry-Level,Hybrid,KWT,55043.0022635849,0.9083806831713969
2023,162500,Senior-Level,Fully Remote,USA,77860.9112908848,2.087054945875311
2023,124000,Mid-Level,Onsite,USA,77860.9112908848,1.5925834663910068
2023,63000,Senior-Level,Fully Remote,USA,77860.9112908848,0.8091351482470438
2023,213580,Senior-Level,Fully Remote,USA,77860.9112908848,2.7430965867079937
2023,163625,Senior-Level,Fully Remote,USA,77860.9112908848,2.1015037878082943
2023,210000,Executive-Level,Onsite,USA,77860.9112908848,2.6971171608234794
2023,100000,Entry-Level,Hybrid,USA,77860.9112908848,1.2843415051540377
2023,225900,Senior-Level,Onsite,USA,77860.9112908848,2.901327460142971
2023,241871,Senior-Level,Onsite,USA,77860.9112908848,3.1064496419311225
2023,133832,Senior-Level,Onsite,USA,77860.9112908848,1.7188599231777517
2023,216100,Senior-Level,Onsite,USA,77860.9112908848,2.7754619926378754
2023,140800,Senior-Level,Onsite,USA,77860.9112908848,1.808352839256885
2023,110000,Entry-Level,Hybrid,USA,77860.9112908848,1.4127756556694415
2023,284000,Executive-Level,Fully Remote,USA,77860.9112908848,3.6475298746374674
2023,236000,Executive-Level,Fully Remote,USA,77860.9112908848,3.031045952163529
2023,155850,Senior-Level,Onsite,USA,77860.9112908848,2.0016462357825677
2023,102544,Senior-Level,Onsite,USA,77860.9112908848,1.3170151530451564
2023,151410,Mid-Level,Fully Remote,USA,77860.9112908848,1.9446214729537286
2023,115360,Mid-Level,Fully Remote,USA,77860.9112908848,1.481616360345698
2023,314100,Executive-Level,Onsite,USA,77860.9112908848,4.034116667688832
2023,195800,Executive-Level,Onsite,USA,77860.9112908848,2.5147406670916057
2023,262500,Senior-Level,Onsite,USA,77860.9112908848,3.3713964510293493
2023,158677,Senior-Level,Fully Remote,USA,77860.9112908848,2.0379545701332726
2023,103200,Mid-Level,Onsite,USA,77860.9112908848,1.3254404333189669
2023,61200,Mid-Level,Onsite,USA,77860.9112908848,0.7860170011542711
2023,174500,Senior-Level,Onsite,USA,77860.9112908848,2.241175926493796
2023,87000,Senior-Level,Fully Remote,USA,77860.9112908848,1.1173771094840128
2023,107250,Senior-Level,Fully Remote,USA,77860.9112908848,1.3774562642777055
2023,285800,Senior-Level,Fully Remote,USA,77860.9112908848,3.6706480217302397
2023,154600,Senior-Level,Fully Remote,USA,77860.9112908848,1.9855919669681423
2023,30000,Entry-Level,Fully Remote,ARG,29808.8073468007,1.006413965207495
2023,124234,Entry-Level,Onsite,USA,77860.9112908848,1.5955888255130672
2023,74540,Entry-Level,Onsite,USA,77860.9112908848,0.9573481579418197
2023,125600,Senior-Level,Fully Remote,USA,77860.9112908848,1.6131329304734714
2023,141290,Senior-Level,Onsite,USA,77860.9112908848,1.8146461126321398
2023,74178,Senior-Level,Onsite,USA,77860.9112908848,0.9526988416931621
2023,182000,Senior-Level,Onsite,USA,77860.9112908848,2.337501539380349
2023,300000,Executive-Level,Onsite,USA,77860.9112908848,3.853024515462113
2023,87000,Mid-Level,Onsite,USA,77860.9112908848,1.1173771094840128
2023,50000,Entry-Level,Fully Remote,IND,9207.12743040145,5.430575429520247
2023,234100,Senior-Level,Fully Remote,USA,77860.9112908848,3.0066434635656023
2023,203500,Senior-Level,Fully Remote,USA,77860.9112908848,2.613634962988467
2023,196200,Executive-Level,Onsite,USA,77860.9112908848,2.519878033112222
2023,150900,Executive-Level,Onsite,USA,77860.9112908848,1.938071331277443
2023,207000,Senior-Level,Onsite,USA,77860.9112908848,2.658586915668858
2023,133800,Senior-Level,Fully Remote,USA,77860.9112908848,1.7184489338961024
2023,96100,Senior-Level,Fully Remote,USA,77860.9112908848,1.2342521864530303
2023,219000,Mid-Level,Hybrid,USA,77860.9112908848,2.8127078962873426
2023,126100,Senior-Level,Onsite,USA,77860.9112908848,1.6195546379992416
2023,187500,Mid-Level,Onsite,USA,77860.9112908848,2.408140322163821
2023,165750,Senior-Level,Onsite,USA,77860.9112908848,2.1287960447928174
2023,165750,Senior-Level,Fully Remote,USA,77860.9112908848,2.1287960447928174
2023,175308,Senior-Level,Onsite,USA,77860.9112908848,2.2515534058554403
2023,100706,Senior-Level,Onsite,USA,77860.9112908848,1.2934089561804252
2023,272550,Senior-Level,Onsite,USA,77860.9112908848,3.50047277229733
2023,187500,Senior-Level,Fully Remote,USA,77860.9112908848,2.408140322163821
2023,64000,Senior-Level,Fully Remote,USA,77860.9112908848,0.8219785632985841
2023,180560,Senior-Level,Onsite,USA,77860.9112908848,2.3190070217061307
2023,115440,Senior-Level,Onsite,USA,77860.9112908848,1.482643833549821
2023,236000,Senior-Level,Fully Remote,USA,77860.9112908848,3.031045952163529
2023,50000,Entry-Level,Fully Remote,UKR,14770.0712890625,3.385224012901406
2023,240000,Senior-Level,Fully Remote,UKR,14770.0712890625,16.24907526192675
2023,220000,Senior-Level,Fully Remote,UKR,14770.0712890625,14.894985656766186
2023,50000,Senior-Level,Hybrid,UKR,14770.0712890625,3.385224012901406
2023,108000,Senior-Level,Onsite,UKR,14770.0712890625,7.312083867867037
2023,60000,Senior-Level,Onsite,UKR,14770.0712890625,4.062268815481687
2023,18381,Senior-Level,Fully Remote,,40599.706536604936,0.45273726260626
2023,20000,Entry-Level,Fully Remote,,40599.706536604936,0.49261439813531366
2023,29301,Senior-Level,Hybrid,THA,22243.0747727026,1.3173088837501508
2023,24613,Mid-Level,Hybrid,THA,22243.0747727026,1.1065466556002341
2023,40581,Entry-Level,Onsite,ZAF,14749.0478045301,2.751431857691568
2023,38629,Entry-Level,Onsite,ZAF,14749.0478045301,2.619084330863399
2023,124935,Senior-Level,Onsite,ZAF,14749.0478045301,8.470716323912571
2023,76050,Senior-Level,Onsite,ZAF,14749.0478045301,5.156265069304447
2023,34482,Mid-Level,Hybrid,ZAF,14749.0478045301,2.3379136373406437
2023,46426,Mid-Level,Onsite,SVN,52347.109726538,0.8868875520067878
2023,38868,Mid-Level,Onsite,SVN,52347.109726538,0.7425051775169049
2023,75577,Mid-Level,Fully Remote,SVN,52347.109726538,1.4437664351444666
2023,48585,Mid-Level,Fully Remote,SVN,52347.109726538,0.9281314718961312
2023,74883,Mid-Level,Fully Remote,SGP,143094.949896959,0.5233098725980363
2023,17511,Mid-Level,Hybrid,IND,9207.12743040145,1.9018961269265808
2023,86374,Senior-Level,Fully Remote,DEU,69048.9884036885,1.2509089850096344
2023,80000,Entry-Level,Hybrid,SWE,67075.6762724717,1.192682719664692
2023,130000,Entry-Level,Fully Remote,SWE,67075.6762724717,1.9381094194551247
2023,90000,Mid-Level,Fully Remote,SAU,71968.074955888,1.2505545001052822
2023,179998,Mid-Level,Fully Remote,SAU,71968.074955888,2.501081210110562
2023,17000,Mid-Level,Fully Remote,ARM,19161.3700514189,0.887201695618897
2023,36000,Senior-Level,Fully Remote,RUS,40938.98828125,0.8793573439744223
2023,57000,Senior-Level,Fully Remote,GEO,22461.3326414547,2.537694486336961
2023,38868,Senior-Level,Onsite,ROU,41979.2586767087,0.9258858118322391
2023,53984,Mid-Level,Hybrid,ROU,41979.2586767087,1.285968397292158
2023,300000,Mid-Level,Fully Remote,QAT,122920.54329029,2.4406009928830033
2023,105000,Mid-Level,Fully Remote,PRT,45250.0148759865,2.3204412261027105
2023,95000,Mid-Level,Fully Remote,PRT,45250.0148759865,2.0994468236167383
2023,21593,Entry-Level,Hybrid,PRT,45250.0148759865,0.47719321328796027
2023,53984,Mid-Level,Fully Remote,PRT,45250.0148759865,1.1930161823802736
2023,43187,Mid-Level,Fully Remote,PRT,45250.0148759865,0.9544085260161692
2023,48585,Mid-Level,Fully Remote,PRT,45250.0148759865,1.073701304478097
2023,24940,Entry-Level,Fully Remote,PRT,45250.0148759865,0.5511600398000153
2023,23753,Entry-Level,Hybrid,PRT,45250.0148759865,0.5249280042249304
2023,27000,Mid-Level,Fully Remote,PER,16669.1561486769,1.619758058487148
2023,75577,Senior-Level,Fully Remote,PRT,45250.0148759865,1.6702093956682338
2023,70179,Senior-Level,Onsite,PRT,45250.0148759865,1.550916617206306
2023,37788,Senior-Level,Onsite,PRT,45250.0148759865,0.8350936481139927
2023,110000,Senior-Level,Fully Remote,POL,46777.5524519162,2.351555270299183
2023,80000,Senior-Level,Fully Remote,POL,46777.5524519162,1.710222014763042
2023,43187,Mid-Level,Fully Remote,POL,46777.5524519162,0.9232419768946437
2023,34924,Entry-Level,Onsite,,40599.706536604936,0.8602032620238848
2023,46565,Senior-Level,Fully Remote,POL,46777.5524519162,0.9954561014680132
2023,95000,Mid-Level,Onsite,PHL,10131.346369794,9.376838628598938
2023,70000,Mid-Level,Onsite,PHL,10131.346369794,6.909249515809743
2023,15680,Mid-Level,Hybrid,PHL,10131.346369794,1.5476718915413825
2023,205670,Senior-Level,Onsite,NZL,54033.9130125651,3.8063132675986893
2023,124233,Senior-Level,Onsite,NZL,54033.9130125651,2.2991671910030047
2023,100416,Executive-Level,Hybrid,NOR,125489.548935602,0.8001941265366321
2023,76508,Senior-Level,Hybrid,NOR,125489.548935602,0.6096762690513927
2023,57223,Entry-Level,Hybrid,NLD,78630.3599072098,0.7277468915000234
2023,25000,Entry-Level,Fully Remote,UKR,14770.0712890625,1.692612006450703
2023,37573,Entry-Level,Fully Remote,NLD,78630.3599072098,0.47784341880590636
2023,75577,Mid-Level,Onsite,NLD,78630.3599072098,0.9611681809569101
2023,134960,Senior-Level,Hybrid,NLD,78630.3599072098,1.7163853778523173
2023,131721,Executive-Level,Hybrid,NLD,78630.3599072098,1.675192637493221
2023,32390,Entry-Level,Onsite,NLD,78630.3599072098,0.4119274035909644
2023,97171,Mid-Level,Fully Remote,NLD,78630.3599072098,1.2357949285068726
2023,100000,Senior-Level,Hybrid,NLD,78630.3599072098,1.2717733979344379
2023,18000,Entry-Level,Fully Remote,NGA,8304.9581050353,2.1673799882369775
2023,40000,Entry-Level,Onsite,NGA,8304.9581050353,4.81639997385995
2023,36000,Mid-Level,Hybrid,NGA,8304.9581050353,4.334759976473955
2023,50000,Senior-Level,Fully Remote,NGA,8304.9581050353,6.020499967324937
2023,30000,Entry-Level,Fully Remote,NGA,8304.9581050353,3.6122999803949623
2023,72000,Executive-Level,Fully Remote,MEX,23135.4931601276,3.1121013717609856
2023,72000,Mid-Level,Fully Remote,MEX,23135.4931601276,3.1121013717609856
2023,60000,Mid-Level,Fully Remote,MEX,23135.4931601276,2.593417809800821
2023,150000,Senior-Level,Fully Remote,MEX,23135.4931601276,6.483544524502053
2023,90000,Senior-Level,Fully Remote,MEX,23135.4931601276,3.890126714701232
2023,36000,Mid-Level,Fully Remote,MEX,23135.4931601276,1.5560506858804928
2023,78125,Mid-Level,Onsite,LVA,40558.7495841122,1.9262181601033226
2023,40423,Mid-Level,Onsite,LVA,40558.7495841122,0.9966530135789645
2023,77737,Senior-Level,Onsite,LVA,40558.7495841122,1.9166517902329854
2023,38868,Senior-Level,Onsite,LVA,40558.7495841122,0.9583135673202681
2023,21000,Mid-Level,Fully Remote,PAK,5920.27430654107,3.547132938890679
2023,121788,Senior-Level,Onsite,LTU,50936.0049547442,2.391000238597562
2023,79032,Senior-Level,Onsite,LTU,50936.0049547442,1.5515940064443339
2023,54000,Mid-Level,Onsite,KOR,55509.3368761174,0.9728093153141812
2023,40000,Entry-Level,Onsite,KOR,55509.3368761174,0.7205994928253194
2023,50000,Entry-Level,Fully Remote,KEN,5883.22303961921,8.498742893697301
2023,80000,Mid-Level,Fully Remote,KEN,5883.22303961921,13.597988629915683
2023,53984,Senior-Level,Fully Remote,ITA,57260.8945372493,0.9427725577161981
2023,29691,Entry-Level,Hybrid,ITA,57260.8945372493,0.5185214139587959
2023,25912,Mid-Level,Fully Remote,ITA,57260.8945372493,0.4525252392475942
2023,56359,Senior-Level,Fully Remote,ITA,57260.8945372493,0.9842493809337435
2023,47799,Senior-Level,Fully Remote,ITA,57260.8945372493,0.8347581780949273
2023,75577,Senior-Level,Fully Remote,ITA,57260.8945372493,1.3198711024473382
2023,62433,Senior-Level,Fully Remote,ITA,57260.8945372493,1.0903252648172679
2023,71475,Senior-Level,Fully Remote,ITA,57260.8945372493,1.2482340797785503
2023,61541,Senior-Level,Fully Remote,ITA,57260.8945372493,1.0747474432130362
2023,120000,Senior-Level,Hybrid,IND,9207.12743040145,13.033381030848593
2023,172700,Senior-Level,Onsite,IND,9207.12743040145,18.757207533562934
2023,82900,Senior-Level,Onsite,IND,9207.12743040145,9.00389406214457
2023,60207,Entry-Level,Onsite,IND,9207.12743040145,6.53917309770251
2023,18000,Entry-Level,Hybrid,IND,9207.12743040145,1.955007154627289
2023,20673,Entry-Level,Hybrid,IND,9207.12743040145,2.2453257170894414
2023,38915,Mid-Level,Hybrid,IND,9207.12743040145,4.226616856795609
2023,43779,Senior-Level,Fully Remote,IND,9207.12743040145,4.754903234579338
2023,36483,Senior-Level,Hybrid,IND,9207.12743040145,3.9624736679037436
2023,160000,Senior-Level,Fully Remote,IND,9207.12743040145,17.37784137446479
2023,24322,Mid-Level,Hybrid,IND,9207.12743040145,2.6416491119358287
2023,32834,Mid-Level,Fully Remote,IND,9207.12743040145,3.5661502730573558
2023,35000,Mid-Level,Onsite,IND,9207.12743040145,3.8014028006641727
2023,20673,Mid-Level,Fully Remote,IND,9207.12743040145,2.2453257170894414
2023,17025,Entry-Level,Fully Remote,IND,9207.12743040145,1.849110933751644
2023,17025,Mid-Level,Fully Remote,IND,9207.12743040145,1.849110933751644
2023,18241,Mid-Level,Hybrid,IND,9207.12743040145,1.9811825281975766
2023,30000,Entry-Level,Hybrid,IND,9207.12743040145,3.2583452577121483
2023,15809,Senior-Level,Fully Remote,IND,9207.12743040145,1.7170393393057117
2023,18160,Entry-Level,Fully Remote,POL,46777.5524519162,0.38822039735121056
2023,16417,Mid-Level,Fully Remote,IND,9207.12743040145,1.7830751365286779
2023,60805,Mid-Level,Hybrid,IND,9207.12743040145,6.604122779839573
2023,115000,Senior-Level,Fully Remote,MDA,16452.9621192,6.989622851304036
2023,417937,Senior-Level,Onsite,ISR,53619.0680995095,7.794559189733907
2023,75577,Senior-Level,Hybrid,IRL,138522.517800204,0.5455936060085728
2023,171250,Senior-Level,Onsite,IRL,138522.517800204,1.2362610983363733
2023,113750,Senior-Level,Onsite,IRL,138522.517800204,0.8211661310117516
2023,97171,Mid-Level,Onsite,IRL,138522.517800204,0.7014816186069707
2023,80976,Mid-Level,Onsite,IRL,138522.517800204,0.5845692186796272
2023,102569,Senior-Level,Fully Remote,IRL,138522.517800204,0.7404500122351152
2023,43000,Entry-Level,Onsite,HUN,44365.9108128343,0.9692126051779565
2023,110736,Mid-Level,Onsite,HRV,42125.0726930931,2.6287432381845237
2023,73824,Mid-Level,Onsite,HRV,42125.0726930931,1.7524954921230158
2023,65058,Mid-Level,Onsite,HKG,68602.1257900473,0.9483379596589487
2023,19434,Entry-Level,Fully Remote,GRC,39612.4406377916,0.49060344899474106
2023,79976,Senior-Level,Fully Remote,ESP,51398.9310403407,1.5559856670410217
2023,36000,Mid-Level,Onsite,GHA,7208.15798982723,4.994341141080188
2023,33220,Entry-Level,Onsite,GBR,59021.5721805914,0.562845054319377
2023,55368,Mid-Level,Onsite,GBR,59021.5721805914,0.9380976811425427
2023,30760,Mid-Level,Onsite,GBR,59021.5721805914,0.5211653784125237
2023,86128,Senior-Level,Onsite,GBR,59021.5721805914,1.4592630595550664
2023,74562,Senior-Level,Onsite,GBR,59021.5721805914,1.2633008109621129
2023,68902,Mid-Level,Onsite,GBR,59021.5721805914,1.167403670460979
2023,49216,Mid-Level,Onsite,GBR,59021.5721805914,0.8338646054600379
2023,110736,Executive-Level,Fully Remote,GBR,59021.5721805914,1.8761953622850853
2023,92280,Executive-Level,Fully Remote,GBR,59021.5721805914,1.5634961352375711
2023,180514,Senior-Level,Fully Remote,GBR,59021.5721805914,3.0584410636787487
2023,108308,Senior-Level,Fully Remote,GBR,59021.5721805914,1.8350578610241748
2023,32974,Entry-Level,Onsite,GBR,59021.5721805914,0.5586770867286918
2023,28299,Entry-Level,Onsite,GBR,59021.5721805914,0.4794687595479847
2023,92280,Entry-Level,Onsite,GBR,59021.5721805914,1.5634961352375711
2023,79976,Entry-Level,Onsite,GBR,59021.5721805914,1.3550299838725617
2023,86128,Mid-Level,Onsite,GBR,59021.5721805914,1.4592630595550664
2023,55926,Mid-Level,Onsite,GBR,59021.5721805914,0.9475518515311704
2023,47238,Mid-Level,Onsite,GBR,59021.5721805914,0.8003514351576981
2023,42030,Mid-Level,Onsite,GBR,59021.5721805914,0.7121125115305063
2023,61520,Senior-Level,Onsite,GBR,59021.5721805914,1.0423307568250475
2023,40603,Senior-Level,Onsite,GBR,59021.5721805914,0.6879349109129942
2023,49216,Entry-Level,Onsite,GBR,59021.5721805914,0.8338646054600379
2023,43064,Entry-Level,Onsite,GBR,59021.5721805914,0.7296315297775332
2023,54137,Entry-Level,Onsite,GBR,59021.5721805914,0.9172409002314303
2023,43925,Entry-Level,Onsite,GBR,59021.5721805914,0.7442194163449318
2023,41827,Entry-Level,Onsite,GBR,59021.5721805914,0.7086730911203065
2023,37944,Entry-Level,Onsite,GBR,59021.5721805914,0.642883586426684
2023,67672,Entry-Level,Onsite,GBR,59021.5721805914,1.1465638325075522
2023,123040,Senior-Level,Onsite,GBR,59021.5721805914,2.084661513650095
2023,92280,Senior-Level,Onsite,GBR,59021.5721805914,1.5634961352375711
2023,73824,Senior-Level,Onsite,GBR,59021.5721805914,1.250796908190057
2023,49216,Senior-Level,Onsite,GBR,59021.5721805914,0.8338646054600379
2023,73824,Entry-Level,Onsite,GBR,59021.5721805914,1.250796908190057
2023,61520,Entry-Level,Onsite,GBR,59021.5721805914,1.0423307568250475
2023,43064,Mid-Level,Onsite,GBR,59021.5721805914,0.7296315297775332
2023,36912,Mid-Level,Onsite,GBR,59021.5721805914,0.6253984540950285
2023,71363,Senior-Level,Onsite,GBR,59021.5721805914,1.2091002893255178
2023,55368,Senior-Level,Onsite,GBR,59021.5721805914,0.9380976811425427
2023,49216,Entry-Level,Fully Remote,GBR,59021.5721805914,0.8338646054600379
2023,36912,Entry-Level,Fully Remote,GBR,59021.5721805914,0.6253984540950285
2023,110244,Mid-Level,Onsite,GBR,59021.5721805914,1.8678594271037148
2023,39372,Mid-Level,Onsite,GBR,59021.5721805914,0.6670781300018818
2023,36912,Senior-Level,Fully Remote,GBR,59021.5721805914,0.6253984540950285
2023,104584,Mid-Level,Onsite,GBR,59021.5721805914,1.7719622866025806
2023,73824,Mid-Level,Onsite,GBR,59021.5721805914,1.250796908190057
2023,67672,Mid-Level,Onsite,GBR,59021.5721805914,1.1465638325075522
2023,172256,Senior-Level,Fully Remote,GBR,59021.5721805914,2.918526119110133
2023,123040,Senior-Level,Fully Remote,GBR,59021.5721805914,2.084661513650095
2023,123040,Mid-Level,Onsite,GBR,59021.5721805914,2.084661513650095
2023,166000,Senior-Level,Onsite,GBR,59021.5721805914,2.812530975828314
2023,90000,Senior-Level,Onsite,GBR,59021.5721805914,1.5248661917141462
2023,70748,Mid-Level,Onsite,GBR,59021.5721805914,1.1986803703488045
2023,67056,Mid-Level,Onsite,GBR,59021.5721805914,1.1361269705731531
2023,172256,Senior-Level,Onsite,GBR,59021.5721805914,2.918526119110133
2023,92280,Mid-Level,Fully Remote,GBR,59021.5721805914,1.5634961352375711
2023,67672,Mid-Level,Fully Remote,GBR,59021.5721805914,1.1465638325075522
2023,118118,Senior-Level,Fully Remote,GBR,59021.5721805914,2.0012682759210167
2023,79976,Senior-Level,Fully Remote,GBR,59021.5721805914,1.3550299838725617
2023,246080,Executive-Level,Fully Remote,GBR,59021.5721805914,4.16932302730019
2023,184560,Executive-Level,Fully Remote,GBR,59021.5721805914,3.1269922704751423
2023,102586,Senior-Level,Onsite,GBR,59021.5721805914,1.7381102571465266
2023,79981,Senior-Level,Onsite,GBR,59021.5721805914,1.3551146986609903
2023,89819,Mid-Level,Onsite,GBR,59021.5721805914,1.5217995163730322
2023,72593,Mid-Level,Onsite,GBR,59021.5721805914,1.2299401272789445
2023,369120,Mid-Level,Onsite,GBR,59021.5721805914,6.2539845409502846
2023,61520,Mid-Level,Onsite,GBR,59021.5721805914,1.0423307568250475
2023,55368,Mid-Level,Fully Remote,GBR,59021.5721805914,0.9380976811425427
2023,44294,Mid-Level,Fully Remote,GBR,59021.5721805914,0.7504713677309599
2023,129192,Senior-Level,Onsite,GBR,59021.5721805914,2.1888945893325995
2023,98432,Senior-Level,Onsite,GBR,59021.5721805914,1.6677292109200759
2023,40680,Mid-Level,Onsite,GBR,59021.5721805914,0.689239518654794
2023,92280,Mid-Level,Onsite,GBR,59021.5721805914,1.5634961352375711
2023,121809,Senior-Level,Fully Remote,GBR,59021.5721805914,2.0638047327389826
2023,83667,Senior-Level,Fully Remote,GBR,59021.5721805914,1.4175664406905273
2023,48585,Mid-Level,Fully Remote,ITA,57260.8945372493,0.848484823589239
2023,110736,Senior-Level,Onsite,GBR,59021.5721805914,1.8761953622850853
2023,79976,Mid-Level,Fully Remote,GBR,59021.5721805914,1.3550299838725617
2023,210398,Senior-Level,Onsite,GBR,59021.5721805914,3.564764411158588
2023,147648,Senior-Level,Onsite,GBR,59021.5721805914,2.501593816380114
2023,81206,Mid-Level,Onsite,GBR,59021.5721805914,1.3758698218259884
2023,135344,Mid-Level,Onsite,GBR,59021.5721805914,2.2931276650151045
2023,98432,Mid-Level,Onsite,GBR,59021.5721805914,1.6677292109200759
2023,246080,Executive-Level,Onsite,GBR,59021.5721805914,4.16932302730019
2023,184560,Executive-Level,Onsite,GBR,59021.5721805914,3.1269922704751423
2023,104584,Senior-Level,Onsite,GBR,59021.5721805914,1.7719622866025806
2023,135344,Executive-Level,Onsite,GBR,59021.5721805914,2.2931276650151045
2023,98432,Executive-Level,Onsite,GBR,59021.5721805914,1.6677292109200759
2023,86128,Mid-Level,Fully Remote,GBR,59021.5721805914,1.4592630595550664
2023,51676,Mid-Level,Onsite,GBR,59021.5721805914,0.8755442813668913
2023,62442,Senior-Level,Onsite,GBR,59021.5721805914,1.0579521638112745
2023,110736,Mid-Level,Fully Remote,GBR,59021.5721805914,1.8761953622850853
2023,49216,Mid-Level,Fully Remote,GBR,59021.5721805914,0.8338646054600379
2023,43064,Mid-Level,Fully Remote,GBR,59021.5721805914,0.7296315297775332
2023,160800,Entry-Level,Onsite,GBR,59021.5721805914,2.7244275958626076
2023,132200,Entry-Level,Onsite,GBR,59021.5721805914,2.2398590060512236
2023,240000,Senior-Level,Onsite,GBR,59021.5721805914,4.066309844571056
2023,160000,Senior-Level,Onsite,GBR,59021.5721805914,2.7108732297140374
2023,150600,Senior-Level,Fully Remote,GBR,59021.5721805914,2.551609427468338
2023,120500,Senior-Level,Fully Remote,GBR,59021.5721805914,2.0416264011283847
2023,43064,Entry-Level,Fully Remote,GBR,59021.5721805914,0.7296315297775332
2023,138000,Senior-Level,Fully Remote,GBR,59021.5721805914,2.3381281606283575
2023,92000,Senior-Level,Fully Remote,GBR,59021.5721805914,1.5587521070855717
2023,199000,Senior-Level,Onsite,GBR,59021.5721805914,3.371648579456834
2023,162000,Senior-Level,Onsite,GBR,59021.5721805914,2.744759145085463
2023,67672,Senior-Level,Onsite,GBR,59021.5721805914,1.1465638325075522
2023,210600,Senior-Level,Fully Remote,GBR,59021.5721805914,3.568186888611102
2023,135000,Senior-Level,Fully Remote,GBR,59021.5721805914,2.2872992875712193
2023,135000,Mid-Level,Fully Remote,GBR,59021.5721805914,2.2872992875712193
2023,100000,Mid-Level,Fully Remote,GBR,59021.5721805914,1.6942957685712734
2023,70132,Mid-Level,Onsite,GBR,59021.5721805914,1.1882435084144056
2023,92280,Senior-Level,Fully Remote,GBR,59021.5721805914,1.5634961352375711
2023,258800,Senior-Level,Onsite,GBR,59021.5721805914,4.384837449062456
2023,199200,Senior-Level,Onsite,GBR,59021.5721805914,3.3750371709939766
2023,104584,Mid-Level,Fully Remote,GBR,59021.5721805914,1.7719622866025806
2023,61520,Mid-Level,Fully Remote,GBR,59021.5721805914,1.0423307568250475
2023,205785,Executive-Level,Fully Remote,GBR,59021.5721805914,3.4866065473543952
2023,123471,Executive-Level,Fully Remote,GBR,59021.5721805914,2.0919639284126372
2023,177000,Senior-Level,Onsite,GBR,59021.5721805914,2.998903510371154
2023,136000,Senior-Level,Onsite,GBR,59021.5721805914,2.304242245256932
2023,277300,Senior-Level,Onsite,GBR,59021.5721805914,4.698282166248141
2023,213300,Senior-Level,Onsite,GBR,59021.5721805914,3.6139328743625265
2023,41833,Entry-Level,Onsite,GBR,59021.5721805914,0.7087747488664209
2023,172800,Senior-Level,Fully Remote,GBR,59021.5721805914,2.9277430880911606
2023,110000,Senior-Level,Fully Remote,GBR,59021.5721805914,1.8637253454284008
2023,134200,Senior-Level,Onsite,GBR,59021.5721805914,2.273744921422649
2023,103200,Senior-Level,Onsite,GBR,59021.5721805914,1.7485132331655542
2023,86128,Mid-Level,Hybrid,GBR,59021.5721805914,1.4592630595550664
2023,146000,Senior-Level,Onsite,GBR,59021.5721805914,2.4736718221140594
2023,97400,Senior-Level,Onsite,GBR,59021.5721805914,1.6502440785884205
2023,230000,Senior-Level,Fully Remote,GBR,59021.5721805914,3.896880267713929
2023,170000,Senior-Level,Fully Remote,GBR,59021.5721805914,2.880302806571165
2023,228856,Executive-Level,Fully Remote,GBR,59021.5721805914,3.8774975241214737
2023,144540,Executive-Level,Fully Remote,GBR,59021.5721805914,2.448935103892919
2023,300000,Mid-Level,Onsite,GBR,59021.5721805914,5.082887305713821
2023,200000,Mid-Level,Onsite,GBR,59021.5721805914,3.388591537142547
2023,147648,Senior-Level,Fully Remote,GBR,59021.5721805914,2.501593816380114
2023,98432,Senior-Level,Fully Remote,GBR,59021.5721805914,1.6677292109200759
2023,110736,Mid-Level,Onsite,GBR,59021.5721805914,1.8761953622850853
2023,213654,Senior-Level,Onsite,GBR,59021.5721805914,3.6199306813832686
2023,142436,Senior-Level,Onsite,GBR,59021.5721805914,2.413287120922179
2023,146100,Mid-Level,Onsite,GBR,59021.5721805914,2.4753661178826305
2023,112400,Mid-Level,Onsite,GBR,59021.5721805914,1.9043884438741114
2023,79976,Mid-Level,Onsite,GBR,59021.5721805914,1.3550299838725617
2023,177177,Entry-Level,Fully Remote,GBR,59021.5721805914,3.0019024138815253
2023,106400,Senior-Level,Onsite,GBR,59021.5721805914,1.802730697759835
2023,81800,Senior-Level,Onsite,GBR,59021.5721805914,1.3859339386913017
2023,140000,Senior-Level,Fully Remote,GBR,59021.5721805914,2.372014075999783
2023,100000,Senior-Level,Fully Remote,GBR,59021.5721805914,1.6942957685712734
2023,399880,Senior-Level,Hybrid,GBR,59021.5721805914,6.775149919362809
2023,280000,Mid-Level,Hybrid,GBR,59021.5721805914,4.744028151999566
2023,155000,Senior-Level,Onsite,GBR,59021.5721805914,2.6261584412854737
2023,120000,Senior-Level,Onsite,GBR,59021.5721805914,2.033154922285528
2023,165400,Senior-Level,Onsite,GBR,59021.5721805914,2.8023652012168863
2023,127300,Senior-Level,Onsite,GBR,59021.5721805914,2.1568385133912313
2023,237400,Senior-Level,Onsite,GBR,59021.5721805914,4.0222581545882035
2023,132870,Senior-Level,Onsite,GBR,59021.5721805914,2.251210787700651
2023,76284,Mid-Level,Fully Remote,GBR,59021.5721805914,1.2924765840969104
2023,94100,Mid-Level,Onsite,GBR,59021.5721805914,1.5943323182255684
2023,72400,Mid-Level,Onsite,GBR,59021.5721805914,1.226670136445602
2023,146100,Senior-Level,Onsite,GBR,59021.5721805914,2.4753661178826305
2023,112400,Senior-Level,Onsite,GBR,59021.5721805914,1.9043884438741114
2023,203016,Executive-Level,Onsite,GBR,59021.5721805914,3.4396914975226567
2023,135344,Executive-Level,Fully Remote,GBR,59021.5721805914,2.2931276650151045
2023,245000,Senior-Level,Onsite,GBR,59021.5721805914,4.15102463299962
2023,210000,Senior-Level,Onsite,GBR,59021.5721805914,3.5580211139996742
2023,152900,Senior-Level,Fully Remote,GBR,59021.5721805914,2.590578230145477
2023,117700,Senior-Level,Fully Remote,GBR,59021.5721805914,1.994186119608389
2023,147648,Mid-Level,Onsite,GBR,59021.5721805914,2.501593816380114
2023,189400,Senior-Level,Onsite,GBR,59021.5721805914,3.208996185673992
2023,131685,Senior-Level,Onsite,GBR,59021.5721805914,2.2311333828430815
2023,172000,Senior-Level,Fully Remote,GBR,59021.5721805914,2.9141887219425904
2023,120000,Mid-Level,Hybrid,GBR,59021.5721805914,2.033154922285528
2023,144000,Senior-Level,Onsite,GBR,59021.5721805914,2.439785906742634
2023,77000,Senior-Level,Onsite,GBR,59021.5721805914,1.3046077417998805
2023,177300,Senior-Level,Onsite,GBR,59021.5721805914,3.0039863976768677
2023,136300,Senior-Level,Onsite,GBR,59021.5721805914,2.3093251325626456
2023,289800,Senior-Level,Onsite,GBR,59021.5721805914,4.91006913731955
2023,214000,Senior-Level,Onsite,GBR,59021.5721805914,3.6257929447425252
2023,430640,Mid-Level,Onsite,GBR,59021.5721805914,7.296315297775332
2023,143200,Senior-Level,Fully Remote,GBR,59021.5721805914,2.4262315405940638
2023,46755,Mid-Level,Onsite,GBR,59021.5721805914,0.7921679865954989
2023,58444,Mid-Level,Fully Remote,GBR,59021.5721805914,0.990214218983795
2023,198340,Mid-Level,Onsite,GBR,59021.5721805914,3.360466227384264
2023,104055,Mid-Level,Onsite,GBR,59021.5721805914,1.7629994619868385
2023,198094,Senior-Level,Onsite,GBR,59021.5721805914,3.3562982597935784
2023,102492,Senior-Level,Onsite,GBR,59021.5721805914,1.7365176191240697
2023,138666,Senior-Level,Onsite,GBR,59021.5721805914,2.3494121704470423
2023,44356,Mid-Level,Fully Remote,GBR,59021.5721805914,0.7515218311074741
2023,129192,Mid-Level,Onsite,GBR,59021.5721805914,2.1888945893325995
2023,73857,Senior-Level,Onsite,GBR,59021.5721805914,1.2513560257936855
2023,55044,Senior-Level,Onsite,GBR,59021.5721805914,0.9326081628523718
2023,162288,Executive-Level,Onsite,GBR,59021.5721805914,2.7496387168989482
2023,129058,Executive-Level,Onsite,GBR,59021.5721805914,2.186624233002714
2023,116888,Mid-Level,Fully Remote,GBR,59021.5721805914,1.98042843796759
2023,120000,Entry-Level,Fully Remote,GBR,59021.5721805914,2.033154922285528
2023,60000,Entry-Level,Fully Remote,GBR,59021.5721805914,1.016577461142764
2023,153799,Senior-Level,Fully Remote,GBR,59021.5721805914,2.6058099491049327
2023,63980,Mid-Level,Fully Remote,GBR,59021.5721805914,1.0840104327319007
2023,185000,Senior-Level,Onsite,GBR,59021.5721805914,3.134447171856856
2023,120250,Senior-Level,Onsite,GBR,59021.5721805914,2.037390661706956
2023,44356,Mid-Level,Onsite,GBR,59021.5721805914,0.7515218311074741
2023,110367,Mid-Level,Onsite,GBR,59021.5721805914,1.8699434108990574
2023,67979,Mid-Level,Onsite,GBR,59021.5721805914,1.151765320517066
2023,59059,Mid-Level,Fully Remote,GBR,59021.5721805914,1.0006341379605084
2023,46755,Mid-Level,Fully Remote,GBR,59021.5721805914,0.7921679865954989
2023,161952,Senior-Level,Hybrid,FRA,57042.9449013772,2.8391241069338613
2023,57223,Mid-Level,Fully Remote,FRA,57042.9449013772,1.0031564832238955
2023,51824,Mid-Level,Fully Remote,FRA,57042.9449013772,0.9085084946017364
2023,80976,Mid-Level,Hybrid,FRA,57042.9449013772,1.4195620534669307
2023,120000,Senior-Level,Fully Remote,CAN,63944.1050100687,1.8766389799513916
2023,110000,Mid-Level,Fully Remote,FRA,57042.9449013772,1.9283716889122995
2023,90000,Mid-Level,Fully Remote,FRA,57042.9449013772,1.5777586545646087
2023,32390,Entry-Level,Onsite,FRA,57042.9449013772,0.5678178091260853
2023,70000,Mid-Level,Fully Remote,FRA,57042.9449013772,1.2271456202169178
2023,40000,Mid-Level,Fully Remote,FRA,57042.9449013772,0.7012260686953816
2023,70179,Mid-Level,Fully Remote,FRA,57042.9449013772,1.2302836068743297
2023,64781,Mid-Level,Fully Remote,FRA,57042.9449013772,1.135653148903888
2023,225000,Senior-Level,Onsite,FRA,57042.9449013772,3.9443966364115215
2023,199000,Senior-Level,Onsite,FRA,57042.9449013772,3.4885996917595237
2023,168000,Senior-Level,Onsite,FRA,57042.9449013772,2.945149488520603
2023,53984,Senior-Level,Hybrid,FRA,57042.9449013772,0.9463747023112871
2023,64781,Mid-Level,Hybrid,FRA,57042.9449013772,1.135653148903888
2023,40000,Mid-Level,Hybrid,FRA,57042.9449013772,0.7012260686953816
2023,107968,Senior-Level,Fully Remote,FRA,57042.9449013772,1.8927494046225741
2023,75577,Senior-Level,Fully Remote,FRA,57042.9449013772,1.3249140648447715
2023,67635,Senior-Level,Fully Remote,AUS,66103.1797066957,1.0231731710955676
2023,74883,Mid-Level,Onsite,FIN,62133.1375219912,1.205202296013076
2023,64781,Senior-Level,Onsite,ESP,51398.9310403407,1.2603569507925432
2023,41027,Senior-Level,Onsite,ESP,51398.9310403407,0.7982072616996598
2023,43187,Entry-Level,Onsite,ESP,51398.9310403407,0.8402314819758503
2023,31310,Entry-Level,Onsite,ESP,51398.9310403407,0.6091566374294087
2023,48585,Senior-Level,Onsite,ESP,51398.9310403407,0.9452531213512558
2023,38868,Senior-Level,Onsite,ESP,51398.9310403407,0.7562024970810047
2023,64781,Mid-Level,Fully Remote,ESP,51398.9310403407,1.2603569507925432
2023,32811,Mid-Level,Fully Remote,ESP,51398.9310403407,0.638359579389854
2023,38868,Mid-Level,Fully Remote,ESP,51398.9310403407,0.7562024970810047
2023,64781,Senior-Level,Fully Remote,ESP,51398.9310403407,1.2603569507925432
2023,53444,Senior-Level,Fully Remote,ESP,51398.9310403407,1.0397881613151492
2023,45150,Senior-Level,Fully Remote,ESP,51398.9310403407,0.878422937717592
2023,91773,Senior-Level,Fully Remote,ESP,51398.9310403407,1.7855040589846414
2023,77737,Senior-Level,Fully Remote,ESP,51398.9310403407,1.5124244498195447
2023,64311,Senior-Level,Fully Remote,ESP,51398.9310403407,1.2512127917509646
2023,71259,Senior-Level,Fully Remote,ESP,51398.9310403407,1.3863907003060438
2023,41027,Entry-Level,Fully Remote,ESP,51398.9310403407,0.7982072616996598
2023,80976,Mid-Level,Fully Remote,ESP,51398.9310403407,1.575441324576295
2023,66940,Mid-Level,Fully Remote,ESP,51398.9310403407,1.3023617154111984
2023,75038,Senior-Level,Fully Remote,ESP,51398.9310403407,1.4599136301318418
2023,86374,Senior-Level,Fully Remote,ESP,51398.9310403407,1.6804629639517006
2023,48585,Mid-Level,Fully Remote,ESP,51398.9310403407,0.9452531213512558
2023,21593,Entry-Level,Onsite,ESP,51398.9310403407,0.4201060131591575
2023,59382,Mid-Level,Onsite,ESP,51398.9310403407,1.1553158557596024
2023,48585,Mid-Level,Onsite,ESP,51398.9310403407,0.9452531213512558
2023,38868,Mid-Level,Hybrid,ESP,51398.9310403407,0.7562024970810047
2023,56143,Senior-Level,Fully Remote,ESP,51398.9310403407,1.0922989810028518
2023,51824,Senior-Level,Fully Remote,ESP,51398.9310403407,1.0082699961080062
2023,253750,Senior-Level,Onsite,ESP,51398.9310403407,4.936873099575614
2023,169200,Senior-Level,Onsite,ESP,51398.9310403407,3.2918972549682515
2023,59382,Mid-Level,Fully Remote,ESP,51398.9310403407,1.1553158557596024
2023,51824,Senior-Level,Onsite,ESP,51398.9310403407,1.0082699961080062
2023,95000,Mid-Level,Fully Remote,ESP,51398.9310403407,1.8482874658509685
2023,80000,Mid-Level,Fully Remote,ESP,51398.9310403407,1.5564526028218684
2023,53120,Mid-Level,Onsite,EST,48217.5523106028,1.1016735079752105
2023,33686,Mid-Level,Onsite,EST,48217.5523106028,0.6986252595943702
2023,38868,Mid-Level,Onsite,EST,48217.5523106028,0.8060964967616807
2023,53120,Senior-Level,Onsite,EST,48217.5523106028,1.1016735079752105
2023,38868,Senior-Level,Onsite,EST,48217.5523106028,0.8060964967616807
2023,57007,Senior-Level,Onsite,EST,48217.5523106028,1.182287305518502
2023,44051,Senior-Level,Onsite,EST,48217.5523106028,0.9135884732646083
2023,63701,Senior-Level,Hybrid,CYP,55876.17578125,1.1400386499137567
2023,16000,Entry-Level,Fully Remote,ECU,15198.0725554473,1.0527650754151239
2023,64781,Mid-Level,Fully Remote,POL,46777.5524519162,1.3848736542295579
2023,60462,Mid-Level,Fully Remote,DEU,69048.9884036885,0.8756391860010247
2023,275000,Senior-Level,Onsite,DEU,69048.9884036885,3.982679635974361
2023,121200,Senior-Level,Onsite,DEU,69048.9884036885,1.7552755341094275
2023,95012,Mid-Level,Hybrid,DEU,69048.9884036885,1.37600857299344
2023,42107,Mid-Level,Hybrid,DEU,69048.9884036885,0.6098134233889906
2023,35000,Entry-Level,Fully Remote,HRV,42125.0726930931,0.8308591003509096
2023,64781,Senior-Level,Hybrid,DEU,69048.9884036885,0.9381889799929275
2023,107968,Senior-Level,Fully Remote,DEU,69048.9884036885,1.5636434724977446
2023,90599,Senior-Level,Fully Remote,DEU,69048.9884036885,1.3120974266896042
2023,64781,Senior-Level,Onsite,DEU,69048.9884036885,0.9381889799929275
2023,77737,Senior-Level,Hybrid,DEU,69048.9884036885,1.1258238794972324
2023,113366,Senior-Level,Hybrid,DEU,69048.9884036885,1.6418198531340704
2023,204060,Senior-Level,Fully Remote,DEU,69048.9884036885,2.955293114607011
2023,140358,Senior-Level,Fully Remote,DEU,69048.9884036885,2.0327307212585066
2023,59382,Mid-Level,Hybrid,DEU,69048.9884036885,0.8599981168851981
2023,48644,Entry-Level,Fully Remote,IND,9207.12743040145,5.2832982238716575
2023,204500,Senior-Level,Onsite,DEU,69048.9884036885,2.96166540202457
2023,142200,Senior-Level,Onsite,DEU,69048.9884036885,2.059407433583833
2023,120000,Mid-Level,Fully Remote,DEU,69048.9884036885,1.7378965684251757
2023,174000,Senior-Level,Onsite,DEU,69048.9884036885,2.5199500242165045
2023,70179,Mid-Level,Fully Remote,IND,9207.12743040145,7.6222470613660285
2023,43187,Entry-Level,Hybrid,DEU,69048.9884036885,0.6254544925048172
2023,60462,Mid-Level,Fully Remote,AUT,72065.4974270106,0.838986785059482
2023,124163,Senior-Level,Onsite,DEU,69048.9884036885,1.7981870968781257
2023,215936,Entry-Level,Fully Remote,DEU,69048.9884036885,3.127286944995489
2023,72338,Senior-Level,Fully Remote,DEU,69048.9884036885,1.047633016389503
2023,64781,Entry-Level,Onsite,DEU,69048.9884036885,0.9381889799929275
2023,26992,Entry-Level,Fully Remote,DEU,69048.9884036885,0.39091086812443615
2023,107968,Senior-Level,Hybrid,PHL,10131.346369794,10.656826453184948
2023,90000,Senior-Level,Onsite,COL,20854.002999162,4.315718186269398
2023,70000,Senior-Level,Onsite,COL,20854.002999162,3.3566697004317536
2023,131000,Mid-Level,Onsite,COL,20854.002999162,6.281767582236568
2023,88000,Mid-Level,Onsite,COL,20854.002999162,4.2198133376856335
2023,72000,Mid-Level,Fully Remote,COL,20854.002999162,3.452574549015518
2023,60000,Mid-Level,Fully Remote,COL,20854.002999162,2.8771454575129316
2023,84000,Senior-Level,Fully Remote,COL,20854.002999162,4.028003640518104
2023,60000,Senior-Level,Fully Remote,COL,20854.002999162,2.8771454575129316
2023,72000,Senior-Level,Fully Remote,COL,20854.002999162,3.452574549015518
2023,65000,Senior-Level,Onsite,COL,20854.002999162,3.116907578972343
2023,48000,Senior-Level,Onsite,COL,20854.002999162,2.3017163660103455
2023,24322,Entry-Level,Fully Remote,IND,9207.12743040145,2.6416491119358287
2023,104024,Entry-Level,Hybrid,CHE,94421.4576550424,1.1016987301767713
2023,122638,Entry-Level,Hybrid,CHE,94421.4576550424,1.2988361231198464
2023,55368,Senior-Level,Fully Remote,CAF,1217.84977141155,45.46373559345145
2023,43064,Senior-Level,Fully Remote,CAF,1217.84977141155,35.36068323935113
2023,152000,Mid-Level,Fully Remote,CAN,63944.1050100687,2.3770760412717626
2023,99000,Mid-Level,Fully Remote,CAN,63944.1050100687,1.5482271584598981
2023,210000,Senior-Level,Fully Remote,CAN,63944.1050100687,3.2841182149149355
2023,160000,Senior-Level,Fully Remote,CAN,63944.1050100687,2.502185306601856
2023,207700,Senior-Level,Onsite,CAN,63944.1050100687,3.2481493011325338
2023,133700,Senior-Level,Onsite,CAN,63944.1050100687,2.0908885968291755
2023,185000,Senior-Level,Onsite,CAN,63944.1050100687,2.8931517607583954
2023,152000,Senior-Level,Onsite,CAN,63944.1050100687,2.3770760412717626
2023,220000,Mid-Level,Fully Remote,CAN,63944.1050100687,3.4405047965775517
2023,190000,Mid-Level,Fully Remote,CAN,63944.1050100687,2.9713450515897035
2023,151000,Senior-Level,Fully Remote,CAN,63944.1050100687,2.361437383105501
2023,95000,Senior-Level,Fully Remote,CAN,63944.1050100687,1.4856725257948518
2023,127900,Mid-Level,Onsite,CAN,63944.1050100687,2.000184379464858
2023,85300,Mid-Level,Onsite,CAN,63944.1050100687,1.3339775415821142
2023,175000,Senior-Level,Fully Remote,CAN,63944.1050100687,2.7367651790957797
2023,150000,Senior-Level,Fully Remote,CAN,63944.1050100687,2.3457987249392396
2023,154101,Senior-Level,Fully Remote,CAN,63944.1050100687,2.4099328620790783
2023,100758,Senior-Level,Fully Remote,CAN,63944.1050100687,1.575719919516186
2023,130000,Senior-Level,Onsite,CAN,63944.1050100687,2.0330255616140076
2023,110000,Senior-Level,Onsite,CAN,63944.1050100687,1.7202523982887759
2023,91875,Entry-Level,Onsite,CAN,63944.1050100687,1.4368017190252842
2023,55125,Entry-Level,Onsite,CAN,63944.1050100687,0.8620810314151706
2023,150000,Mid-Level,Fully Remote,CAN,63944.1050100687,2.3457987249392396
2023,266500,Senior-Level,Onsite,CAN,63944.1050100687,4.167702401308715
2023,144400,Senior-Level,Onsite,CAN,63944.1050100687,2.2582222392081746
2023,303387,Senior-Level,Fully Remote,CAN,63944.1050100687,4.744565585087607
2023,100017,Senior-Level,Fully Remote,CAN,63944.1050100687,1.5641316738149862
2023,306400,Senior-Level,Onsite,CAN,63944.1050100687,4.791684862142554
2023,168700,Senior-Level,Onsite,CAN,63944.1050100687,2.6382416326483313
2023,226700,Senior-Level,Fully Remote,CAN,63944.1050100687,3.545283806291504
2023,151100,Senior-Level,Fully Remote,CAN,63944.1050100687,2.3630012489221275
2023,158500,Senior-Level,Fully Remote,CAN,63944.1050100687,2.4787273193524633
2023,115000,Senior-Level,Fully Remote,CAN,63944.1050100687,1.7984456891200837
2023,216600,Senior-Level,Onsite,CAN,63944.1050100687,3.387333358812262
2023,143000,Senior-Level,Fully Remote,CAN,63944.1050100687,2.2363281177754084
2023,78000,Senior-Level,Fully Remote,CAN,63944.1050100687,1.2198153369684046
2023,142000,Mid-Level,Onsite,CAN,63944.1050100687,2.220689459609147
2023,102200,Mid-Level,Onsite,CAN,63944.1050100687,1.5982708645919352
2023,50000,Mid-Level,Fully Remote,CZE,52946.9660854462,0.9443411718682736
2023,190000,Senior-Level,Fully Remote,CAN,63944.1050100687,2.9713450515897035
2023,107500,Senior-Level,Fully Remote,CAN,63944.1050100687,1.6811557528731218
2023,156100,Senior-Level,Onsite,CAN,63944.1050100687,2.4411945397534356
2023,100400,Senior-Level,Onsite,CAN,63944.1050100687,1.5701212798926645
2023,166000,Senior-Level,Fully Remote,CAN,63944.1050100687,2.5960172555994254
2023,104000,Senior-Level,Fully Remote,CAN,63944.1050100687,1.6264204492912062
2023,120000,Senior-Level,Onsite,CAN,63944.1050100687,1.8766389799513916
2023,105000,Senior-Level,Onsite,CAN,63944.1050100687,1.6420591074574677
2023,143000,Senior-Level,Onsite,CAN,63944.1050100687,2.2363281177754084
2023,127000,Senior-Level,Onsite,CAN,63944.1050100687,1.986109587115223
2023,192000,Senior-Level,Onsite,CAN,63944.1050100687,3.0026223679222266
2023,124000,Senior-Level,Onsite,CAN,63944.1050100687,1.9391936126164382
2023,148500,Senior-Level,Onsite,CAN,63944.1050100687,2.322340737689847
2023,82500,Senior-Level,Onsite,CAN,63944.1050100687,1.2901892987165817
2023,148500,Mid-Level,Onsite,CAN,63944.1050100687,2.322340737689847
2023,82500,Mid-Level,Onsite,CAN,63944.1050100687,1.2901892987165817
2023,80750,Mid-Level,Onsite,CAN,63944.1050100687,1.262821646925624
2023,48450,Mid-Level,Onsite,CAN,63944.1050100687,0.7576929881553744
2023,243000,Senior-Level,Onsite,CAN,63944.1050100687,3.8001939344015683
2023,155000,Senior-Level,Onsite,CAN,63944.1050100687,2.4239920157705477
2023,275000,Mid-Level,Onsite,CAN,63944.1050100687,4.3006309957219395
2023,243000,Mid-Level,Onsite,CAN,63944.1050100687,3.8001939344015683
2023,96313,Mid-Level,Fully Remote,CAN,63944.1050100687,1.5062060839671532
2023,230000,Senior-Level,Fully Remote,CAN,63944.1050100687,3.5968913782401675
2023,153000,Senior-Level,Fully Remote,CAN,63944.1050100687,2.3927146994380246
2023,238000,Senior-Level,Fully Remote,CAN,63944.1050100687,3.72200064357026
2023,156000,Senior-Level,Fully Remote,CAN,63944.1050100687,2.439630673936809
2023,168000,Senior-Level,Onsite,CAN,63944.1050100687,2.6272945719319485
2023,112000,Senior-Level,Onsite,CAN,63944.1050100687,1.751529714621299
2023,204500,Senior-Level,Onsite,CAN,63944.1050100687,3.198105595000497
2023,142200,Senior-Level,Onsite,CAN,63944.1050100687,2.223817191242399
2023,100631,Mid-Level,Onsite,CAN,63944.1050100687,1.5737338099290707
2023,80505,Mid-Level,Onsite,CAN,63944.1050100687,1.25899017567489
2023,129000,Senior-Level,Fully Remote,CAN,63944.1050100687,2.017386903447746
2023,110019,Senior-Level,Fully Remote,CAN,63944.1050100687,1.7205495327939346
2023,86682,Senior-Level,Fully Remote,CAN,63944.1050100687,1.3555901671678878
2023,90000,Entry-Level,Hybrid,USA,77860.9112908848,1.155907354638634
2023,115000,Entry-Level,Onsite,CAN,63944.1050100687,1.7984456891200837
2023,85000,Entry-Level,Onsite,CAN,63944.1050100687,1.3292859441322358
2023,86128,Mid-Level,Fully Remote,CAN,63944.1050100687,1.346926350543779
2023,61520,Mid-Level,Fully Remote,CAN,63944.1050100687,0.9620902503884134
2023,170500,Senior-Level,Fully Remote,CAN,63944.1050100687,2.6663912173476025
2023,118575,Senior-Level,Fully Remote,CAN,63944.1050100687,1.8543538920644689
2023,92000,Senior-Level,Onsite,CAN,63944.1050100687,1.438756551296067
2023,281000,Senior-Level,Onsite,CAN,63944.1050100687,4.394462944719509
2023,181000,Senior-Level,Onsite,CAN,63944.1050100687,2.8305971280933493
2023,200000,Senior-Level,Fully Remote,CAN,63944.1050100687,3.1277316332523197
2023,183000,Mid-Level,Fully Remote,CAN,63944.1050100687,2.8618744444258724
2023,122000,Mid-Level,Fully Remote,CAN,63944.1050100687,1.907916296283915
2023,239000,Senior-Level,Fully Remote,CAN,63944.1050100687,3.7376393017365217
2023,149000,Senior-Level,Fully Remote,CAN,63944.1050100687,2.330160066772978
2023,140000,Senior-Level,Onsite,CAN,63944.1050100687,2.189412143276624
2023,244000,Senior-Level,Onsite,CAN,63944.1050100687,3.81583259256783
2023,157000,Senior-Level,Onsite,CAN,63944.1050100687,2.4552693321030707
2023,82254,Mid-Level,Fully Remote,CAN,63944.1050100687,1.2863421888076814
2023,61699,Mid-Level,Fully Remote,CAN,63944.1050100687,0.9648895702001743
2023,146000,Senior-Level,Fully Remote,CAN,63944.1050100687,2.2832440922741934
2023,108000,Senior-Level,Fully Remote,CAN,63944.1050100687,1.6889750819562526
2023,189750,Senior-Level,Fully Remote,CAN,63944.1050100687,2.967435387048138
2023,119213,Senior-Level,Fully Remote,CAN,63944.1050100687,1.8643313559745438
2023,140000,Senior-Level,Fully Remote,CAN,63944.1050100687,2.189412143276624
2023,193000,Senior-Level,Fully Remote,CAN,63944.1050100687,3.0182610260884886
2023,242000,Senior-Level,Onsite,CAN,63944.1050100687,3.7845552762353067
2023,134000,Senior-Level,Onsite,CAN,63944.1050100687,2.095580194279054
2023,183000,Senior-Level,Onsite,CAN,63944.1050100687,2.8618744444258724
2023,125000,Senior-Level,Onsite,CAN,63944.1050100687,1.9548322707826997
2023,118539,Senior-Level,Fully Remote,CAN,63944.1050100687,1.8537909003704836
2023,40747,Entry-Level,Onsite,CAN,63944.1050100687,0.6372284043006613
2023,67419,Mid-Level,Hybrid,CAN,63944.1050100687,1.0543426949111907
2023,258000,Senior-Level,Onsite,CAN,63944.1050100687,4.034773806895492
2023,190000,Senior-Level,Onsite,CAN,63944.1050100687,2.9713450515897035
2023,74087,Entry-Level,Fully Remote,CAN,63944.1050100687,1.158621267563823
2023,87000,Senior-Level,Onsite,CAN,63944.1050100687,1.360563260464759
2023,73000,Senior-Level,Onsite,CAN,63944.1050100687,1.1416220461370967
2023,125000,Mid-Level,Fully Remote,CAN,63944.1050100687,1.9548322707826997
2023,76500,Senior-Level,Fully Remote,CAN,63944.1050100687,1.1963573497190123
2023,76500,Senior-Level,Onsite,CAN,63944.1050100687,1.1963573497190123
2023,197000,Senior-Level,Onsite,CAN,63944.1050100687,3.0808156587535347
2023,144000,Senior-Level,Fully Remote,CAN,63944.1050100687,2.25196677594167
2023,80000,Senior-Level,Fully Remote,CAN,63944.1050100687,1.251092653300928
2023,77791,Entry-Level,Hybrid,CAN,63944.1050100687,1.216546857411656
2023,207300,Senior-Level,Fully Remote,CAN,63944.1050100687,3.241893837866029
2023,149200,Senior-Level,Fully Remote,CAN,63944.1050100687,2.3332877984062304
2023,280830,Senior-Level,Fully Remote,CAN,63944.1050100687,4.391804372831245
2023,173175,Senior-Level,Fully Remote,CAN,63944.1050100687,2.7082246279423523
2023,219000,Senior-Level,Onsite,CAN,63944.1050100687,3.4248661384112897
2023,141000,Senior-Level,Onsite,CAN,63944.1050100687,2.2050508014428853
2023,90000,Senior-Level,Onsite,CAN,63944.1050100687,1.4074792349635439
2023,72000,Senior-Level,Onsite,CAN,63944.1050100687,1.125983387970835
2023,224000,Senior-Level,Onsite,CAN,63944.1050100687,3.503059429242598
2023,176000,Senior-Level,Onsite,CAN,63944.1050100687,2.752403837262041
2023,51861,Entry-Level,Fully Remote,CAN,63944.1050100687,0.8110364511604927
2023,135000,Senior-Level,Fully Remote,CAN,63944.1050100687,2.1112188524453157
2023,145000,Senior-Level,Fully Remote,CAN,63944.1050100687,2.2676054341079315
2023,260000,Senior-Level,Fully Remote,CAN,63944.1050100687,4.066051123228015
2023,110000,Senior-Level,Fully Remote,CAN,63944.1050100687,1.7202523982887759
2023,130000,Mid-Level,Fully Remote,CAN,63944.1050100687,2.0330255616140076
2023,100000,Mid-Level,Fully Remote,CAN,63944.1050100687,1.5638658166261599
2023,269000,Senior-Level,Fully Remote,CAN,63944.1050100687,4.206799046724369
2023,158000,Senior-Level,Fully Remote,CAN,63944.1050100687,2.4709079902693323
2023,53984,Senior-Level,Fully Remote,NLD,78630.3599072098,0.686554151140927
2023,248100,Senior-Level,Onsite,CAN,63944.1050100687,3.8799510910495023
2023,145900,Senior-Level,Onsite,CAN,63944.1050100687,2.281680226457567
2023,125948,Senior-Level,Hybrid,CAN,63944.1050100687,1.9696577187243156
2023,94000,Senior-Level,Fully Remote,CAN,63944.1050100687,1.4700338676285902
2023,143100,Senior-Level,Onsite,CAN,63944.1050100687,2.237891983592035
2023,113000,Senior-Level,Onsite,CAN,63944.1050100687,1.7671683727875604
2023,27568,Mid-Level,Fully Remote,BRA,19876.8533531396,1.3869398495937268
2023,72000,Senior-Level,Fully Remote,BRA,19876.8533531396,3.622303727900041
2023,60000,Senior-Level,Fully Remote,BRA,19876.8533531396,3.018586439916701
2023,115000,Executive-Level,Fully Remote,BRA,19876.8533531396,5.785624009840343
2023,110000,Executive-Level,Fully Remote,BRA,19876.8533531396,5.534075139847285
2023,38290,Senior-Level,Hybrid,BRA,19876.8533531396,1.9263612464068414
2023,19910,Entry-Level,Fully Remote,BRA,19876.8533531396,1.0016676003123586
2023,120000,Entry-Level,Hybrid,BIH,21651.2952374862,5.542393592797013
2023,242000,Senior-Level,Onsite,AUS,66103.1797066957,3.660943408074626
2023,106200,Senior-Level,Onsite,AUS,66103.1797066957,1.6065792972625013
2023,47238,Entry-Level,Onsite,AUS,66103.1797066957,0.714610102110038
2023,42030,Entry-Level,Onsite,AUS,66103.1797066957,0.6358241795098204
2023,113563,Mid-Level,Onsite,AUS,66103.1797066957,1.7179657696329702
2023,102927,Mid-Level,Onsite,AUS,66103.1797066957,1.557065794061558
2023,114979,Senior-Level,Fully Remote,AUS,66103.1797066957,1.7393868269298034
2023,287500,Mid-Level,Onsite,AUS,66103.1797066957,4.3492612802539465
2023,207500,Mid-Level,Onsite,AUS,66103.1797066957,3.1390320544441526
2023,81838,Mid-Level,Fully Remote,AUS,66103.1797066957,1.2380342422727737
2023,165000,Mid-Level,Onsite,AUS,66103.1797066957,2.4960977782327
2023,142500,Mid-Level,Onsite,AUS,66103.1797066957,2.155720808473695
2023,300000,Mid-Level,Onsite,AUS,66103.1797066957,4.5383595967867265
2023,260000,Mid-Level,Onsite,AUS,66103.1797066957,3.93324498388183
2023,70000,Entry-Level,Onsite,IND,9207.12743040145,7.602805601328345
2023,50000,Senior-Level,Hybrid,NGA,8304.9581050353,6.020499967324937
2023,50000,Mid-Level,Onsite,ARM,19161.3700514189,2.609416751820285
2023,72000,Senior-Level,Fully Remote,ARG,29808.8073468007,2.415393516497988
2023,48000,Senior-Level,Fully Remote,ARG,29808.8073468007,1.6102623443319921
2023,80000,Senior-Level,Fully Remote,ARG,29808.8073468007,2.6837705738866533
2023,60000,Senior-Level,Fully Remote,ARG,29808.8073468007,2.01282793041499
2023,50745,Mid-Level,Hybrid,AND,68470.0759483848,0.741126679021846
2022,80000,Entry-Level,Hybrid,CAN,63944.1050100687,1.251092653300928
2022,190000,Senior-Level,Fully Remote,USA,77860.9112908848,2.4402488597926717
2022,130000,Senior-Level,Fully Remote,USA,77860.9112908848,1.669643956700249
2022,34320,Entry-Level,Fully Remote,USA,77860.9112908848,0.44078600456886574
2022,192000,Senior-Level,Fully Remote,USA,77860.9112908848,2.4659356898957525
2022,168000,Entry-Level,Fully Remote,USA,77860.9112908848,2.157693728658783
2022,85000,Entry-Level,Onsite,USA,77860.9112908848,1.091690279380932
2022,375000,Senior-Level,Fully Remote,USA,77860.9112908848,4.816280644327642
2022,180000,Entry-Level,Fully Remote,USA,77860.9112908848,2.311814709277268
2022,155000,Mid-Level,Fully Remote,USA,77860.9112908848,1.9907293329887585
2022,48000,Entry-Level,Hybrid,USA,77860.9112908848,0.6164839224739381
2022,110000,Mid-Level,Fully Remote,USA,77860.9112908848,1.4127756556694415
2022,25216,Entry-Level,Fully Remote,ESP,51398.9310403407,0.49059386040945285
2022,100000,Entry-Level,Fully Remote,USA,77860.9112908848,1.2843415051540377
2022,130000,Entry-Level,Onsite,USA,77860.9112908848,1.669643956700249
2022,125000,Senior-Level,Fully Remote,USA,77860.9112908848,1.6054268814425472
2022,175000,Senior-Level,Onsite,USA,77860.9112908848,2.247597634019566
2022,155000,Senior-Level,Onsite,USA,77860.9112908848,1.9907293329887585
2022,153600,Senior-Level,Onsite,USA,77860.9112908848,1.972748551916602
2022,106800,Senior-Level,Onsite,USA,77860.9112908848,1.3716767275045123
2022,150000,Senior-Level,Onsite,USA,77860.9112908848,1.9265122577310565
2022,140000,Senior-Level,Onsite,USA,77860.9112908848,1.7980781072156529
2022,122000,Senior-Level,Onsite,USA,77860.9112908848,1.566896636287926
2022,94500,Senior-Level,Onsite,USA,77860.9112908848,1.2137027223705656
2022,170000,Senior-Level,Onsite,USA,77860.9112908848,2.183380558761864
2022,130000,Senior-Level,Onsite,USA,77860.9112908848,1.669643956700249
2022,145000,Senior-Level,Onsite,USA,77860.9112908848,1.8622951824733547
2022,128000,Senior-Level,Onsite,USA,77860.9112908848,1.6439571265971682
2022,100000,Senior-Level,Onsite,USA,77860.9112908848,1.2843415051540377
2022,120000,Senior-Level,Onsite,USA,77860.9112908848,1.5412098061848454
2022,115000,Senior-Level,Onsite,USA,77860.9112908848,1.4769927309271433
2022,150000,Senior-Level,Fully Remote,USA,77860.9112908848,1.9265122577310565
2022,150000,Mid-Level,Onsite,USA,77860.9112908848,1.9265122577310565
2022,100000,Mid-Level,Onsite,USA,77860.9112908848,1.2843415051540377
2022,150000,Mid-Level,Fully Remote,USA,77860.9112908848,1.9265122577310565
2022,127500,Mid-Level,Fully Remote,USA,77860.9112908848,1.6375354190713982
2022,126500,Senior-Level,Fully Remote,USA,77860.9112908848,1.6246920040198578
2022,51000,Senior-Level,Fully Remote,USA,77860.9112908848,0.6550141676285592
2022,260000,Mid-Level,Onsite,USA,77860.9112908848,3.339287913400498
2022,175000,Mid-Level,Onsite,USA,77860.9112908848,2.247597634019566
2022,250000,Senior-Level,Fully Remote,USA,77860.9112908848,3.2108537628850944
2022,63000,Senior-Level,Fully Remote,USA,77860.9112908848,0.8091351482470438
2022,210000,Senior-Level,Fully Remote,USA,77860.9112908848,2.6971171608234794
2022,160000,Senior-Level,Fully Remote,USA,77860.9112908848,2.0549464082464604
2022,272550,Senior-Level,Fully Remote,USA,77860.9112908848,3.50047277229733
2022,198200,Senior-Level,Fully Remote,USA,77860.9112908848,2.545564863215303
2022,220000,Senior-Level,Onsite,USA,77860.9112908848,2.825551311338883
2022,146000,Senior-Level,Onsite,USA,77860.9112908848,1.875138597524895
2022,120000,Mid-Level,Onsite,USA,77860.9112908848,1.5412098061848454
2022,95000,Mid-Level,Onsite,USA,77860.9112908848,1.2201244298963358
2022,160000,Entry-Level,Onsite,USA,77860.9112908848,2.0549464082464604
2022,135000,Entry-Level,Onsite,USA,77860.9112908848,1.733861031957951
2022,216000,Senior-Level,Fully Remote,USA,77860.9112908848,2.7741776511327214
2022,144000,Senior-Level,Fully Remote,USA,77860.9112908848,1.8494517674218143
2022,65000,Entry-Level,Onsite,USA,77860.9112908848,0.8348219783501245
2022,149000,Senior-Level,Fully Remote,USA,77860.9112908848,1.9136688426795163
2022,119000,Senior-Level,Fully Remote,USA,77860.9112908848,1.528366391133305
2022,110000,Mid-Level,Onsite,USA,77860.9112908848,1.4127756556694415
2022,246000,Senior-Level,Fully Remote,USA,77860.9112908848,3.1594801026789328
2022,201000,Senior-Level,Fully Remote,USA,77860.9112908848,2.5815264253596157
2022,190000,Senior-Level,Onsite,USA,77860.9112908848,2.4402488597926717
2022,235000,Senior-Level,Fully Remote,USA,77860.9112908848,3.0182025371119887
2022,185000,Senior-Level,Fully Remote,USA,77860.9112908848,2.3760317845349697
2022,130000,Mid-Level,Onsite,USA,77860.9112908848,1.669643956700249
2022,115000,Mid-Level,Onsite,USA,77860.9112908848,1.4769927309271433
2022,105000,Mid-Level,Onsite,USA,77860.9112908848,1.3485585804117397
2022,70000,Mid-Level,Onsite,USA,77860.9112908848,0.8990390536078264
2022,204500,Senior-Level,Onsite,USA,77860.9112908848,2.6264783780400074
2022,142200,Senior-Level,Onsite,USA,77860.9112908848,1.8263336203290417
2022,164000,Senior-Level,Fully Remote,USA,77860.9112908848,2.106320068452622
2022,185900,Senior-Level,Onsite,USA,77860.9112908848,2.387590858081356
2022,129300,Senior-Level,Onsite,USA,77860.9112908848,1.6606535661641708
2022,75000,Senior-Level,Onsite,USA,77860.9112908848,0.9632561288655282
2022,167500,Senior-Level,Onsite,USA,77860.9112908848,2.151272021133013
2022,106500,Senior-Level,Onsite,USA,77860.9112908848,1.36782370298905
2022,75000,Mid-Level,Fully Remote,USA,77860.9112908848,0.9632561288655282
2022,60000,Mid-Level,Fully Remote,USA,77860.9112908848,0.7706049030924227
2022,184000,Senior-Level,Fully Remote,USA,77860.9112908848,2.3631883694834293
2022,142000,Senior-Level,Fully Remote,USA,77860.9112908848,1.8237649373187337
2022,145000,Mid-Level,Onsite,USA,77860.9112908848,1.8622951824733547
2022,31795,Mid-Level,Fully Remote,IND,9207.12743040145,3.4533029156319253
2022,200000,Executive-Level,Onsite,USA,77860.9112908848,2.5686830103080753
2022,145000,Executive-Level,Onsite,USA,77860.9112908848,1.8622951824733547
2022,310000,Executive-Level,Fully Remote,USA,77860.9112908848,3.981458665977517
2022,239000,Executive-Level,Fully Remote,USA,77860.9112908848,3.0695761973181503
2022,95000,Senior-Level,Onsite,USA,77860.9112908848,1.2201244298963358
2022,135000,Senior-Level,Onsite,USA,77860.9112908848,1.733861031957951
2022,78000,Senior-Level,Onsite,USA,77860.9112908848,1.0017863740201494
2022,160000,Mid-Level,Fully Remote,USA,77860.9112908848,2.0549464082464604
2022,120000,Mid-Level,Fully Remote,USA,77860.9112908848,1.5412098061848454
2022,115934,Senior-Level,Fully Remote,USA,77860.9112908848,1.4889884805852822
2022,81666,Senior-Level,Fully Remote,USA,77860.9112908848,1.0488703335990965
2022,175000,Senior-Level,Fully Remote,USA,77860.9112908848,2.247597634019566
2022,140000,Senior-Level,Fully Remote,USA,77860.9112908848,1.7980781072156529
2022,249500,Senior-Level,Onsite,USA,77860.9112908848,3.204432055359324
2022,149850,Senior-Level,Onsite,USA,77860.9112908848,1.9245857454733255
2022,122500,Mid-Level,Fully Remote,USA,77860.9112908848,1.5733183438136962
2022,100000,Mid-Level,Fully Remote,USA,77860.9112908848,1.2843415051540377
2022,55000,Entry-Level,Onsite,USA,77860.9112908848,0.7063878278347208
2022,48000,Entry-Level,Onsite,USA,77860.9112908848,0.6164839224739381
2022,120000,Senior-Level,Fully Remote,USA,77860.9112908848,1.5412098061848454
2022,127000,Senior-Level,Fully Remote,USA,77860.9112908848,1.631113711545628
2022,104000,Senior-Level,Fully Remote,USA,77860.9112908848,1.3357151653601993
2022,182750,Senior-Level,Fully Remote,USA,77860.9112908848,2.347134100669004
2022,161500,Senior-Level,Fully Remote,USA,77860.9112908848,2.0742115308237707
2022,102640,Mid-Level,Fully Remote,USA,77860.9112908848,1.3182481208901042
2022,66100,Mid-Level,Fully Remote,USA,77860.9112908848,0.8489497349068189
2022,198800,Senior-Level,Onsite,USA,77860.9112908848,2.553270912246227
2022,122600,Senior-Level,Onsite,USA,77860.9112908848,1.5746026853188502
2022,130000,Mid-Level,Fully Remote,USA,77860.9112908848,1.669643956700249
2022,80000,Mid-Level,Fully Remote,USA,77860.9112908848,1.0274732041232302
2022,136000,Senior-Level,Fully Remote,USA,77860.9112908848,1.7467044470094912
2022,100000,Senior-Level,Fully Remote,USA,77860.9112908848,1.2843415051540377
2022,159000,Executive-Level,Fully Remote,USA,77860.9112908848,2.04210299319492
2022,130000,Executive-Level,Fully Remote,USA,77860.9112908848,1.669643956700249
2022,215000,Senior-Level,Fully Remote,USA,77860.9112908848,2.761334236081181
2022,187000,Mid-Level,Fully Remote,USA,77860.9112908848,2.4017186146380505
2022,153000,Mid-Level,Fully Remote,USA,77860.9112908848,1.9650425028856777
2022,169000,Senior-Level,Onsite,USA,77860.9112908848,2.1705371437103236
2022,110600,Senior-Level,Onsite,USA,77860.9112908848,1.4204817047003657
2022,50000,Entry-Level,Hybrid,USA,77860.9112908848,0.6421707525770188
2022,134000,Mid-Level,Fully Remote,USA,77860.9112908848,1.7210176169064106
2022,124000,Mid-Level,Fully Remote,USA,77860.9112908848,1.5925834663910068
2022,166700,Senior-Level,Onsite,USA,77860.9112908848,2.1409972890917808
2022,119000,Senior-Level,Onsite,USA,77860.9112908848,1.528366391133305
2022,124234,Entry-Level,Onsite,USA,77860.9112908848,1.5955888255130672
2022,74540,Entry-Level,Onsite,USA,77860.9112908848,0.9573481579418197
2022,65000,Mid-Level,Fully Remote,USA,77860.9112908848,0.8348219783501245
2022,220000,Senior-Level,Fully Remote,USA,77860.9112908848,2.825551311338883
2022,146000,Senior-Level,Fully Remote,USA,77860.9112908848,1.875138597524895
2022,110000,Senior-Level,Onsite,USA,77860.9112908848,1.4127756556694415
2022,70000,Senior-Level,Onsite,USA,77860.9112908848,0.8990390536078264
2022,135000,Senior-Level,Fully Remote,USA,77860.9112908848,1.733861031957951
2022,81500,Senior-Level,Onsite,USA,77860.9112908848,1.0467383267005408
2022,173000,Senior-Level,Fully Remote,USA,77860.9112908848,2.221910803916485
2022,110000,Senior-Level,Fully Remote,USA,77860.9112908848,1.4127756556694415
2022,192000,Senior-Level,Onsite,USA,77860.9112908848,2.4659356898957525
2022,194000,Senior-Level,Fully Remote,USA,77860.9112908848,2.4916225199988333
2022,129400,Senior-Level,Fully Remote,USA,77860.9112908848,1.6619379076693248
2022,89200,Senior-Level,Fully Remote,USA,77860.9112908848,1.1456326225974016
2022,165000,Senior-Level,Onsite,USA,77860.9112908848,2.1191634835041624
2022,125000,Senior-Level,Onsite,USA,77860.9112908848,1.6054268814425472
2022,230000,Senior-Level,Fully Remote,USA,77860.9112908848,2.9539854618542867
2022,196000,Senior-Level,Fully Remote,USA,77860.9112908848,2.517309350101914
2022,90000,Mid-Level,Onsite,USA,77860.9112908848,1.155907354638634
2022,230000,Mid-Level,Onsite,USA,77860.9112908848,2.9539854618542867
2022,180000,Mid-Level,Onsite,USA,77860.9112908848,2.311814709277268
2022,192500,Senior-Level,Fully Remote,USA,77860.9112908848,2.4723573974215225
2022,152500,Senior-Level,Onsite,USA,77860.9112908848,1.9586207953599075
2022,65000,Senior-Level,Fully Remote,USA,77860.9112908848,0.8348219783501245
2022,55000,Senior-Level,Fully Remote,USA,77860.9112908848,0.7063878278347208
2022,178750,Senior-Level,Onsite,USA,77860.9112908848,2.2957604404628427
2022,160000,Senior-Level,Onsite,USA,77860.9112908848,2.0549464082464604
2022,165000,Mid-Level,Onsite,USA,77860.9112908848,2.1191634835041624
2022,135000,Mid-Level,Onsite,USA,77860.9112908848,1.733861031957951
2022,170000,Senior-Level,Fully Remote,USA,77860.9112908848,2.183380558761864
2022,105000,Senior-Level,Onsite,USA,77860.9112908848,1.3485585804117397
2022,203500,Senior-Level,Onsite,USA,77860.9112908848,2.613634962988467
2022,152000,Senior-Level,Onsite,USA,77860.9112908848,1.9521990878341373
2022,197430,Senior-Level,Fully Remote,USA,77860.9112908848,2.5356754336256166
2022,134760,Senior-Level,Fully Remote,USA,77860.9112908848,1.7307786123455813
2022,197000,Senior-Level,Onsite,USA,77860.9112908848,2.5301527651534546
2022,99000,Senior-Level,Onsite,USA,77860.9112908848,1.2714980901024973
2022,162000,Senior-Level,Fully Remote,USA,77860.9112908848,2.080633238349541
2022,149040,Senior-Level,Fully Remote,USA,77860.9112908848,1.9141825792815779
2022,113900,Senior-Level,Fully Remote,USA,77860.9112908848,1.462864974370449
2022,50000,Entry-Level,Fully Remote,BEL,69128.1388883843,0.7232944616190379
2022,154600,Senior-Level,Fully Remote,USA,77860.9112908848,1.9855919669681423
2022,213000,Senior-Level,Onsite,USA,77860.9112908848,2.7356474059781
2022,243000,Senior-Level,Fully Remote,USA,77860.9112908848,3.1209498575243115
2022,183000,Senior-Level,Fully Remote,USA,77860.9112908848,2.350344954431889
2022,90000,Mid-Level,Fully Remote,USA,77860.9112908848,1.155907354638634
2022,124000,Mid-Level,Onsite,USA,77860.9112908848,1.5925834663910068
2022,300000,Senior-Level,Onsite,USA,77860.9112908848,3.853024515462113
2022,116000,Senior-Level,Fully Remote,USA,77860.9112908848,1.4898361459786837
2022,96000,Senior-Level,Fully Remote,USA,77860.9112908848,1.2329678449478763
2022,189750,Entry-Level,Onsite,USA,77860.9112908848,2.4370380060297867
2022,140250,Entry-Level,Onsite,USA,77860.9112908848,1.8012889609785379
2022,160000,Mid-Level,Onsite,USA,77860.9112908848,2.0549464082464604
2022,109000,Mid-Level,Onsite,USA,77860.9112908848,1.3999322406179011
2022,250000,Senior-Level,Onsite,USA,77860.9112908848,3.2108537628850944
2022,206000,Mid-Level,Onsite,USA,77860.9112908848,2.645743500617318
2022,191200,Senior-Level,Onsite,USA,77860.9112908848,2.45566095785452
2022,230000,Senior-Level,Onsite,USA,77860.9112908848,2.9539854618542867
2022,154600,Senior-Level,Onsite,USA,77860.9112908848,1.9855919669681423
2022,155000,Mid-Level,Onsite,USA,77860.9112908848,1.9907293329887585
2022,140000,Mid-Level,Onsite,USA,77860.9112908848,1.7980781072156529
2022,205000,Senior-Level,Fully Remote,USA,77860.9112908848,2.6329000855657774
2022,179500,Senior-Level,Onsite,USA,77860.9112908848,2.3053930017514976
2022,134000,Senior-Level,Onsite,USA,77860.9112908848,1.7210176169064106
2022,145000,Senior-Level,Fully Remote,USA,77860.9112908848,1.8622951824733547
2022,168400,Senior-Level,Onsite,USA,77860.9112908848,2.1628310946793996
2022,105200,Senior-Level,Onsite,USA,77860.9112908848,1.3511272634220477
2022,200000,Senior-Level,Onsite,USA,77860.9112908848,2.5686830103080753
2022,148000,Senior-Level,Fully Remote,USA,77860.9112908848,1.900825427627976
2022,107000,Senior-Level,Fully Remote,USA,77860.9112908848,1.3742454105148203
2022,299500,Senior-Level,Onsite,USA,77860.9112908848,3.846602807936343
2022,245100,Senior-Level,Onsite,USA,77860.9112908848,3.1479210291325463
2022,168000,Senior-Level,Fully Remote,USA,77860.9112908848,2.157693728658783
2022,161000,Mid-Level,Fully Remote,USA,77860.9112908848,2.0677898232980008
2022,118000,Mid-Level,Fully Remote,USA,77860.9112908848,1.5155229760817646
2022,247500,Senior-Level,Onsite,USA,77860.9112908848,3.1787452252562436
2022,172200,Senior-Level,Onsite,USA,77860.9112908848,2.211636071875253
2022,177000,Senior-Level,Onsite,USA,77860.9112908848,2.273284464122647
2022,131000,Senior-Level,Onsite,USA,77860.9112908848,1.6824873717517894
2022,102000,Senior-Level,Onsite,USA,77860.9112908848,1.3100283352571185
2022,80000,Mid-Level,Onsite,USA,77860.9112908848,1.0274732041232302
2022,65000,Mid-Level,Onsite,USA,77860.9112908848,0.8348219783501245
2022,175000,Mid-Level,Fully Remote,USA,77860.9112908848,2.247597634019566
2022,135000,Mid-Level,Fully Remote,USA,77860.9112908848,1.733861031957951
2022,80000,Entry-Level,Onsite,USA,77860.9112908848,1.0274732041232302
2022,231250,Senior-Level,Fully Remote,USA,77860.9112908848,2.970039730668712
2022,138750,Senior-Level,Fully Remote,USA,77860.9112908848,1.7820238384012275
2022,193750,Senior-Level,Fully Remote,USA,77860.9112908848,2.488411666235948
2022,116250,Senior-Level,Fully Remote,USA,77860.9112908848,1.493046999741569
2022,208000,Senior-Level,Fully Remote,USA,77860.9112908848,2.6714303307203986
2022,300000,Senior-Level,Fully Remote,USA,77860.9112908848,3.853024515462113
2022,375000,Senior-Level,Hybrid,USA,77860.9112908848,4.816280644327642
2022,225000,Senior-Level,Onsite,USA,77860.9112908848,2.889768386596585
2022,156400,Senior-Level,Onsite,USA,77860.9112908848,2.008710114060915
2022,140700,Senior-Level,Onsite,USA,77860.9112908848,1.807068497751731
2022,93800,Senior-Level,Onsite,USA,77860.9112908848,1.2047123318344874
2022,350000,Senior-Level,Fully Remote,USA,77860.9112908848,4.495195268039132
2022,201000,Senior-Level,Onsite,USA,77860.9112908848,2.5815264253596157
2022,154560,Senior-Level,Onsite,USA,77860.9112908848,1.9850782303660808
2022,123648,Senior-Level,Onsite,USA,77860.9112908848,1.5880625842928646
2022,170000,Mid-Level,Onsite,USA,77860.9112908848,2.183380558761864
2022,177500,Senior-Level,Fully Remote,USA,77860.9112908848,2.279706171648417
2022,134000,Senior-Level,Fully Remote,USA,77860.9112908848,1.7210176169064106
2022,192564,Senior-Level,Fully Remote,USA,77860.9112908848,2.473179375984821
2022,144854,Senior-Level,Fully Remote,USA,77860.9112908848,1.8604200438758298
2022,179305,Senior-Level,Fully Remote,USA,77860.9112908848,2.3028885358164475
2022,142127,Senior-Level,Fully Remote,USA,77860.9112908848,1.8253960510302791
2022,315000,Senior-Level,Fully Remote,USA,77860.9112908848,4.045675741235219
2022,225000,Senior-Level,Fully Remote,USA,77860.9112908848,2.889768386596585
2022,243900,Senior-Level,Fully Remote,USA,77860.9112908848,3.132508931070698
2022,156600,Senior-Level,Fully Remote,USA,77860.9112908848,2.011278797071223
2022,79000,Mid-Level,Onsite,USA,77860.9112908848,1.0146297890716898
2022,182500,Senior-Level,Fully Remote,USA,77860.9112908848,2.343923246906119
2022,128500,Senior-Level,Fully Remote,USA,77860.9112908848,1.6503788341229384
2022,77300,Entry-Level,Fully Remote,USA,77860.9112908848,0.9927959834840712
2022,45600,Entry-Level,Fully Remote,USA,77860.9112908848,0.5856597263502412
2022,184100,Senior-Level,Onsite,USA,77860.9112908848,2.3644727109885832
2022,85000,Mid-Level,Fully Remote,USA,77860.9112908848,1.091690279380932
2022,78000,Mid-Level,Fully Remote,USA,77860.9112908848,1.0017863740201494
2022,161000,Senior-Level,Fully Remote,USA,77860.9112908848,2.0677898232980008
2022,205000,Executive-Level,Onsite,USA,77860.9112908848,2.6329000855657774
2022,160000,Executive-Level,Onsite,USA,77860.9112908848,2.0549464082464604
2022,245000,Senior-Level,Onsite,USA,77860.9112908848,3.1466366876273923
2022,180000,Senior-Level,Onsite,USA,77860.9112908848,2.311814709277268
2022,198440,Senior-Level,Onsite,USA,77860.9112908848,2.5486472828276723
2022,144000,Senior-Level,Onsite,USA,77860.9112908848,1.8494517674218143
2022,240000,Senior-Level,Onsite,USA,77860.9112908848,3.0824196123696908
2022,64000,Entry-Level,Fully Remote,USA,77860.9112908848,0.8219785632985841
2022,127000,Senior-Level,Onsite,USA,77860.9112908848,1.631113711545628
2022,275000,Senior-Level,Fully Remote,USA,77860.9112908848,3.5319391391736037
2022,166000,Senior-Level,Fully Remote,USA,77860.9112908848,2.132006898555703
2022,159699,Senior-Level,Onsite,USA,77860.9112908848,2.051080540315947
2022,138938,Senior-Level,Onsite,USA,77860.9112908848,1.7844384004309168
2022,76000,Entry-Level,Hybrid,USA,77860.9112908848,0.9760995439170687
2022,80000,Senior-Level,Onsite,USA,77860.9112908848,1.0274732041232302
2022,52500,Senior-Level,Onsite,USA,77860.9112908848,0.6742792902058699
2022,236000,Senior-Level,Fully Remote,USA,77860.9112908848,3.031045952163529
2022,182000,Senior-Level,Fully Remote,USA,77860.9112908848,2.337501539380349
2022,180000,Senior-Level,Fully Remote,USA,77860.9112908848,2.311814709277268
2022,240000,Mid-Level,Fully Remote,USA,77860.9112908848,3.0824196123696908
2022,125404,Entry-Level,Hybrid,CHN,23032.1766271143,5.444730736059481
2022,195000,Senior-Level,Fully Remote,USA,77860.9112908848,2.5044659350503737
2022,123000,Senior-Level,Onsite,USA,77860.9112908848,1.5797400513394664
2022,92250,Senior-Level,Onsite,USA,77860.9112908848,1.1848050385045998
2022,180000,Mid-Level,Fully Remote,USA,77860.9112908848,2.311814709277268
2022,97000,Senior-Level,Fully Remote,USA,77860.9112908848,1.2458112599994167
2022,90000,Senior-Level,Fully Remote,USA,77860.9112908848,1.155907354638634
2022,260000,Senior-Level,Onsite,USA,77860.9112908848,3.339287913400498
2022,210000,Executive-Level,Fully Remote,USA,77860.9112908848,2.6971171608234794
2022,157000,Executive-Level,Fully Remote,USA,77860.9112908848,2.016416163091839
2022,52500,Mid-Level,Onsite,USA,77860.9112908848,0.6742792902058699
2022,122500,Senior-Level,Onsite,USA,77860.9112908848,1.5733183438136962
2022,171000,Senior-Level,Onsite,USA,77860.9112908848,2.1962239738134044
2022,117000,Senior-Level,Onsite,USA,77860.9112908848,1.5026795610302242
2022,202800,Senior-Level,Onsite,USA,77860.9112908848,2.6046445724523886
2022,104300,Senior-Level,Onsite,USA,77860.9112908848,1.3395681898756613
2022,345600,Senior-Level,Onsite,USA,77860.9112908848,4.438684241812354
2022,230400,Senior-Level,Onsite,USA,77860.9112908848,2.959122827874903
2022,175950,Senior-Level,Fully Remote,USA,77860.9112908848,2.2597988783185294
2022,130050,Senior-Level,Fully Remote,USA,77860.9112908848,1.670286127452826
2022,205600,Senior-Level,Onsite,USA,77860.9112908848,2.640606134596702
2022,105700,Senior-Level,Onsite,USA,77860.9112908848,1.357548970947818
2022,236600,Senior-Level,Fully Remote,USA,77860.9112908848,3.038752001194453
2022,80000,Entry-Level,Fully Remote,USA,77860.9112908848,1.0274732041232302
2022,165000,Senior-Level,Hybrid,USA,77860.9112908848,2.1191634835041624
2022,108000,Entry-Level,Onsite,USA,77860.9112908848,1.3870888255663607
2022,155000,Senior-Level,Fully Remote,USA,77860.9112908848,1.9907293329887585
2022,38000,Senior-Level,Fully Remote,USA,77860.9112908848,0.48804977195853433
2022,85000,Mid-Level,Onsite,USA,77860.9112908848,1.091690279380932
2022,153600,Senior-Level,Fully Remote,USA,77860.9112908848,1.972748551916602
2022,106800,Senior-Level,Fully Remote,USA,77860.9112908848,1.3716767275045123
2022,50000,Senior-Level,Fully Remote,USA,77860.9112908848,0.6421707525770188
2022,123400,Senior-Level,Onsite,USA,77860.9112908848,1.5848774173600826
2022,88100,Senior-Level,Onsite,USA,77860.9112908848,1.1315048660407072
2022,139000,Senior-Level,Onsite,USA,77860.9112908848,1.7852346921641125
2022,139600,Senior-Level,Onsite,USA,77860.9112908848,1.7929407411950367
2022,85700,Senior-Level,Onsite,USA,77860.9112908848,1.1006806699170104
2022,200000,Senior-Level,Fully Remote,USA,77860.9112908848,2.5686830103080753
2022,148500,Mid-Level,Fully Remote,USA,77860.9112908848,1.907247135153746
2022,98200,Mid-Level,Fully Remote,USA,77860.9112908848,1.261223358061265
2022,115000,Senior-Level,Fully Remote,USA,77860.9112908848,1.4769927309271433
2022,95000,Senior-Level,Fully Remote,USA,77860.9112908848,1.2201244298963358
2022,66000,Senior-Level,Fully Remote,USA,77860.9112908848,0.8476653934016649
2022,134000,Mid-Level,Onsite,USA,77860.9112908848,1.7210176169064106
2022,98000,Mid-Level,Onsite,USA,77860.9112908848,1.258654675050957
2022,62000,Mid-Level,Onsite,USA,77860.9112908848,0.7962917331955034
2022,57000,Entry-Level,Fully Remote,USA,77860.9112908848,0.7320746579378015
2022,144200,Mid-Level,Fully Remote,USA,77860.9112908848,1.8520204504321225
2022,115360,Mid-Level,Fully Remote,USA,77860.9112908848,1.481616360345698
2022,108000,Mid-Level,Hybrid,USA,77860.9112908848,1.3870888255663607
2022,188700,Senior-Level,Fully Remote,USA,77860.9112908848,2.4235524202256693
2022,160395,Senior-Level,Fully Remote,USA,77860.9112908848,2.060019557191819
2022,198440,Senior-Level,Fully Remote,USA,77860.9112908848,2.5486472828276723
2022,191475,Senior-Level,Fully Remote,USA,77860.9112908848,2.459192896993694
2022,141525,Senior-Level,Fully Remote,USA,77860.9112908848,1.817664315169252
2022,156868,Senior-Level,Fully Remote,USA,77860.9112908848,2.014720832305036
2022,108000,Mid-Level,Fully Remote,USA,77860.9112908848,1.3870888255663607
2022,165000,Senior-Level,Fully Remote,USA,77860.9112908848,2.1191634835041624
2022,132000,Senior-Level,Fully Remote,USA,77860.9112908848,1.6953307868033298
2022,178800,Senior-Level,Fully Remote,USA,77860.9112908848,2.2964026112154197
2022,132100,Senior-Level,Fully Remote,USA,77860.9112908848,1.6966151283084838
2022,20000,Entry-Level,Hybrid,CRI,26226.2754815949,0.7625939876226656
2022,85000,Senior-Level,Fully Remote,USA,77860.9112908848,1.091690279380932
2022,187200,Executive-Level,Fully Remote,USA,77860.9112908848,2.4042872976483585
2022,116100,Executive-Level,Fully Remote,USA,77860.9112908848,1.4911204874838377
2022,229998,Senior-Level,Onsite,USA,77860.9112908848,2.9539597750241837
2022,154545,Senior-Level,Onsite,USA,77860.9112908848,1.9848855791403077
2022,215000,Senior-Level,Onsite,USA,77860.9112908848,2.761334236081181
2022,159000,Senior-Level,Onsite,USA,77860.9112908848,2.04210299319492
2022,50000,Entry-Level,Fully Remote,USA,77860.9112908848,0.6421707525770188
2022,99750,Senior-Level,Fully Remote,USA,77860.9112908848,1.2811306513911527
2022,68400,Senior-Level,Fully Remote,USA,77860.9112908848,0.8784895895253618
2022,236900,Senior-Level,Fully Remote,USA,77860.9112908848,3.0426050257099155
2022,159200,Senior-Level,Fully Remote,USA,77860.9112908848,2.044671676205228
2022,243225,Senior-Level,Fully Remote,USA,77860.9112908848,3.1238396259109082
2022,179775,Senior-Level,Fully Remote,USA,77860.9112908848,2.3089249408906714
2022,128000,Senior-Level,Fully Remote,USA,77860.9112908848,1.6439571265971682
2022,218000,Senior-Level,Onsite,USA,77860.9112908848,2.7998644812358022
2022,145300,Senior-Level,Onsite,USA,77860.9112908848,1.866148206988817
2022,195400,Senior-Level,Fully Remote,USA,77860.9112908848,2.5096033010709897
2022,131300,Senior-Level,Fully Remote,USA,77860.9112908848,1.6863403962672516
2022,105000,Entry-Level,Fully Remote,CHL,30932.0010873677,3.3945427488970603
2022,207000,Senior-Level,Fully Remote,USA,77860.9112908848,2.658586915668858
2022,153000,Senior-Level,Fully Remote,USA,77860.9112908848,1.9650425028856777
2022,195700,Senior-Level,Onsite,USA,77860.9112908848,2.5134563255864517
2022,130500,Senior-Level,Onsite,USA,77860.9112908848,1.6760656642260192
2022,84000,Senior-Level,Fully Remote,USA,77860.9112908848,1.0788468643293916
2022,141300,Senior-Level,Onsite,USA,77860.9112908848,1.8147745467826553
2022,102100,Senior-Level,Onsite,USA,77860.9112908848,1.3113126767622725
2022,113000,Senior-Level,Fully Remote,USA,77860.9112908848,1.4513059008240627
2022,80000,Senior-Level,Fully Remote,USA,77860.9112908848,1.0274732041232302
2022,60000,Mid-Level,Fully Remote,IND,9207.12743040145,6.516690515424297
2022,105000,Senior-Level,Fully Remote,USA,77860.9112908848,1.3485585804117397
2022,108000,Senior-Level,Onsite,USA,77860.9112908848,1.3870888255663607
2022,179400,Senior-Level,Onsite,USA,77860.9112908848,2.3041086602463436
2022,154000,Senior-Level,Onsite,USA,77860.9112908848,1.9778859179372181
2022,193900,Senior-Level,Onsite,USA,77860.9112908848,2.4903381784936793
2022,222640,Executive-Level,Onsite,USA,77860.9112908848,2.8594579270749496
2022,182160,Executive-Level,Onsite,USA,77860.9112908848,2.339556485788595
2022,122500,Senior-Level,Fully Remote,USA,77860.9112908848,1.5733183438136962
2022,297500,Executive-Level,Fully Remote,USA,77860.9112908848,3.820915977833262
2022,260000,Executive-Level,Fully Remote,USA,77860.9112908848,3.339287913400498
2022,193000,Senior-Level,Fully Remote,ESP,51398.9310403407,3.754941904307757
2022,93000,Entry-Level,Onsite,USA,77860.9112908848,1.194437599793255
2022,73000,Entry-Level,Onsite,USA,77860.9112908848,0.9375692987624475
2022,136994,Senior-Level,Fully Remote,USA,77860.9112908848,1.7594708015707226
2022,101570,Senior-Level,Fully Remote,USA,77860.9112908848,1.3045056667849562
2022,136000,Mid-Level,Fully Remote,USA,77860.9112908848,1.7467044470094912
2022,112000,Mid-Level,Fully Remote,USA,77860.9112908848,1.4384624857725223
2022,172000,Senior-Level,Fully Remote,USA,77860.9112908848,2.209067388864945
2022,164000,Senior-Level,Onsite,USA,77860.9112908848,2.106320068452622
2022,97500,Mid-Level,Fully Remote,USA,77860.9112908848,1.2522329675251869
2022,212800,Senior-Level,Fully Remote,USA,77860.9112908848,2.733078722967792
2022,142800,Senior-Level,Fully Remote,USA,77860.9112908848,1.8340396693599659
2022,151800,Senior-Level,Onsite,USA,77860.9112908848,1.9496304048238293
2022,130240,Senior-Level,Onsite,USA,77860.9112908848,1.6727263763126188
2022,140250,Senior-Level,Fully Remote,USA,77860.9112908848,1.8012889609785379
2022,179400,Senior-Level,Fully Remote,USA,77860.9112908848,2.3041086602463436
2022,154000,Senior-Level,Fully Remote,USA,77860.9112908848,1.9778859179372181
2022,75000,Mid-Level,Onsite,USA,77860.9112908848,0.9632561288655282
2022,191475,Senior-Level,Onsite,USA,77860.9112908848,2.459192896993694
2022,141525,Senior-Level,Onsite,USA,77860.9112908848,1.817664315169252
2022,81000,Senior-Level,Fully Remote,USA,77860.9112908848,1.0403166191747706
2022,46000,Entry-Level,Fully Remote,USA,77860.9112908848,0.5907970923708573
2022,200000,Executive-Level,Fully Remote,USA,77860.9112908848,2.5686830103080753
2022,180000,Executive-Level,Fully Remote,USA,77860.9112908848,2.311814709277268
2022,204100,Senior-Level,Onsite,USA,77860.9112908848,2.621341012019391
2022,136100,Senior-Level,Onsite,USA,77860.9112908848,1.7479887885146455
2022,63000,Senior-Level,Onsite,USA,77860.9112908848,0.8091351482470438
2022,70000,Senior-Level,Fully Remote,USA,77860.9112908848,0.8990390536078264
2022,75000,Mid-Level,Fully Remote,BOL,12306.7293128695,6.094226832597215
2022,113000,Mid-Level,Onsite,USA,77860.9112908848,1.4513059008240627
2022,113000,Mid-Level,Fully Remote,USA,77860.9112908848,1.4513059008240627
2022,140000,Mid-Level,Fully Remote,USA,77860.9112908848,1.7980781072156529
2022,119300,Senior-Level,Onsite,USA,77860.9112908848,1.532219415648767
2022,145000,Mid-Level,Hybrid,USA,77860.9112908848,1.8622951824733547
2022,90000,Senior-Level,Onsite,USA,77860.9112908848,1.155907354638634
2022,146200,Senior-Level,Fully Remote,USA,77860.9112908848,1.877707280535203
2022,124270,Senior-Level,Fully Remote,USA,77860.9112908848,1.5960511884549227
2022,225000,Mid-Level,Onsite,USA,77860.9112908848,2.889768386596585
2022,186000,Senior-Level,Fully Remote,USA,77860.9112908848,2.38887519958651
2022,148800,Senior-Level,Fully Remote,USA,77860.9112908848,1.911100159669208
2022,82000,Entry-Level,Onsite,USA,77860.9112908848,1.053160034226311
2022,173000,Mid-Level,Hybrid,USA,77860.9112908848,2.221910803916485
2022,158000,Mid-Level,Fully Remote,USA,77860.9112908848,2.0292595781433795
2022,150000,Executive-Level,Fully Remote,USA,77860.9112908848,1.9265122577310565
2022,216200,Senior-Level,Onsite,USA,77860.9112908848,2.7767463341430294
2022,144100,Senior-Level,Onsite,USA,77860.9112908848,1.8507361089269683
2022,206000,Senior-Level,Fully Remote,USA,77860.9112908848,2.645743500617318
2022,175100,Senior-Level,Fully Remote,USA,77860.9112908848,2.24888197552472
2022,189650,Senior-Level,Onsite,USA,77860.9112908848,2.4357536645246327
2022,164996,Senior-Level,Onsite,USA,77860.9112908848,2.119112109843956
2022,126000,Senior-Level,Fully Remote,USA,77860.9112908848,1.6182702964940876
2022,117000,Senior-Level,Fully Remote,USA,77860.9112908848,1.5026795610302242
2022,99450,Senior-Level,Fully Remote,USA,77860.9112908848,1.2772776268756905
2022,188100,Senior-Level,Onsite,USA,77860.9112908848,2.415846371194745
2022,139860,Senior-Level,Onsite,USA,77860.9112908848,1.796280029108437
2022,248700,Senior-Level,Onsite,USA,77860.9112908848,3.194157323318092
2022,167100,Senior-Level,Onsite,USA,77860.9112908848,2.146134655112397
2022,205000,Senior-Level,Onsite,USA,77860.9112908848,2.6329000855657774
2022,189500,Senior-Level,Fully Remote,USA,77860.9112908848,2.4338271522669017
2022,140100,Senior-Level,Fully Remote,USA,77860.9112908848,1.7993624487208069
2022,177600,Senior-Level,Fully Remote,USA,77860.9112908848,2.280990513153571
2022,24000,Mid-Level,Onsite,USA,77860.9112908848,0.30824196123696906
2022,202900,Senior-Level,Fully Remote,USA,77860.9112908848,2.6059289139575426
2022,115000,Entry-Level,Hybrid,USA,77860.9112908848,1.4769927309271433
2022,193900,Mid-Level,Onsite,USA,77860.9112908848,2.4903381784936793
2022,129300,Mid-Level,Onsite,USA,77860.9112908848,1.6606535661641708
2022,216200,Mid-Level,Onsite,USA,77860.9112908848,2.7767463341430294
2022,144100,Mid-Level,Onsite,USA,77860.9112908848,1.8507361089269683
2022,216000,Senior-Level,Onsite,USA,77860.9112908848,2.7741776511327214
2022,150000,Entry-Level,Fully Remote,USA,77860.9112908848,1.9265122577310565
2022,48000,Senior-Level,Fully Remote,ARG,29808.8073468007,1.6102623443319921
2022,260500,Executive-Level,Onsite,USA,77860.9112908848,3.3457096209262684
2022,175100,Executive-Level,Onsite,USA,77860.9112908848,2.24888197552472
2022,55000,Entry-Level,Fully Remote,USA,77860.9112908848,0.7063878278347208
2022,206699,Senior-Level,Onsite,USA,77860.9112908848,2.6547210477383443
2022,99100,Senior-Level,Onsite,USA,77860.9112908848,1.2727824316076515
2022,200000,Mid-Level,Onsite,USA,77860.9112908848,2.5686830103080753
2022,54000,Mid-Level,Onsite,USA,77860.9112908848,0.6935444127831804
2022,130000,Entry-Level,Hybrid,USA,77860.9112908848,1.669643956700249
2022,221300,Senior-Level,Fully Remote,USA,77860.9112908848,2.8422477509058854
2022,148700,Senior-Level,Fully Remote,USA,77860.9112908848,1.909815818164054
2022,249260,Senior-Level,Onsite,USA,77860.9112908848,3.2013496357469546
2022,185400,Senior-Level,Onsite,USA,77860.9112908848,2.381169150555586
2022,128875,Senior-Level,Fully Remote,USA,77860.9112908848,1.655195114767266
2022,93700,Senior-Level,Fully Remote,USA,77860.9112908848,1.2034279903293335
2022,136260,Senior-Level,Fully Remote,USA,77860.9112908848,1.750043734922892
2022,109280,Senior-Level,Fully Remote,USA,77860.9112908848,1.4035283968323324
2022,92000,Senior-Level,Fully Remote,USA,77860.9112908848,1.1815941847417146
2022,129000,Entry-Level,Fully Remote,USA,77860.9112908848,1.6568005416487086
2022,86000,Entry-Level,Fully Remote,USA,77860.9112908848,1.1045336944324724
2022,200000,Mid-Level,Fully Remote,USA,77860.9112908848,2.5686830103080753
2022,150075,Senior-Level,Fully Remote,USA,77860.9112908848,1.9274755138599222
2022,110925,Senior-Level,Fully Remote,USA,77860.9112908848,1.4246558145921164
2022,83000,Entry-Level,Onsite,USA,77860.9112908848,1.0660034492778514
2022,186000,Senior-Level,Onsite,USA,77860.9112908848,2.38887519958651
2022,148800,Senior-Level,Onsite,USA,77860.9112908848,1.911100159669208
2022,112900,Senior-Level,Onsite,USA,77860.9112908848,1.4500215593189085
2022,90320,Senior-Level,Onsite,USA,77860.9112908848,1.160017247455127
2022,200000,Mid-Level,Fully Remote,IND,9207.12743040145,21.72230171808099
2022,112900,Senior-Level,Fully Remote,USA,77860.9112908848,1.4500215593189085
2022,90320,Senior-Level,Fully Remote,USA,77860.9112908848,1.160017247455127
2022,105400,Senior-Level,Fully Remote,USA,77860.9112908848,1.3536959464323557
2022,215300,Senior-Level,Fully Remote,USA,77860.9112908848,2.7651872605966434
2022,158200,Senior-Level,Fully Remote,USA,77860.9112908848,2.0318282611536875
2022,209100,Senior-Level,Fully Remote,USA,77860.9112908848,2.685558087277093
2022,115934,Senior-Level,Onsite,USA,77860.9112908848,1.4889884805852822
2022,81666,Senior-Level,Onsite,USA,77860.9112908848,1.0488703335990965
2022,132000,Senior-Level,Onsite,USA,77860.9112908848,1.6953307868033298
2022,123000,Senior-Level,Fully Remote,USA,77860.9112908848,1.5797400513394664
2022,165400,Senior-Level,Fully Remote,USA,77860.9112908848,2.1243008495247784
2022,132320,Senior-Level,Fully Remote,USA,77860.9112908848,1.6994406796198227
2022,208775,Senior-Level,Fully Remote,USA,77860.9112908848,2.6813839773853423
2022,147800,Senior-Level,Fully Remote,USA,77860.9112908848,1.8982567446176677
2022,183600,Senior-Level,Fully Remote,USA,77860.9112908848,2.3580510034628133
2022,100800,Senior-Level,Fully Remote,USA,77860.9112908848,1.29461623719527
2022,215300,Senior-Level,Onsite,USA,77860.9112908848,2.7651872605966434
2022,140400,Senior-Level,Onsite,USA,77860.9112908848,1.803215473236269
2022,260000,Senior-Level,Fully Remote,USA,77860.9112908848,3.339287913400498
2022,82900,Mid-Level,Onsite,USA,77860.9112908848,1.0647191077726972
2022,63900,Mid-Level,Onsite,USA,77860.9112908848,0.8206942217934301
2022,112300,Mid-Level,Fully Remote,USA,77860.9112908848,1.4423155102879843
2022,241000,Mid-Level,Fully Remote,USA,77860.9112908848,3.095263027421231
2022,159000,Mid-Level,Fully Remote,USA,77860.9112908848,2.04210299319492
2022,58000,Mid-Level,Onsite,USA,77860.9112908848,0.7449180729893419
2022,136000,Senior-Level,Onsite,USA,77860.9112908848,1.7467044470094912
2022,108800,Senior-Level,Onsite,USA,77860.9112908848,1.3973635576075931
2022,242000,Executive-Level,Fully Remote,USA,77860.9112908848,3.108106442472771
2022,165220,Senior-Level,Fully Remote,USA,77860.9112908848,2.1219890348155013
2022,120160,Senior-Level,Fully Remote,USA,77860.9112908848,1.5432647525930918
2022,124190,Senior-Level,Fully Remote,USA,77860.9112908848,1.5950237152507996
2022,181940,Senior-Level,Onsite,USA,77860.9112908848,2.336730934477256
2022,132320,Senior-Level,Onsite,USA,77860.9112908848,1.6994406796198227
2022,220110,Senior-Level,Onsite,USA,77860.9112908848,2.8269640869945523
2022,160080,Senior-Level,Onsite,USA,77860.9112908848,2.0559738814505835
2022,126500,Mid-Level,Onsite,USA,77860.9112908848,1.6246920040198578
2022,106260,Mid-Level,Onsite,USA,77860.9112908848,1.3647412833766805
2022,116000,Senior-Level,Onsite,USA,77860.9112908848,1.4898361459786837
2022,120600,Senior-Level,Fully Remote,USA,77860.9112908848,1.5489158552157696
2022,170000,Mid-Level,Fully Remote,USA,77860.9112908848,2.183380558761864
2022,102100,Senior-Level,Fully Remote,USA,77860.9112908848,1.3113126767622725
2022,84900,Senior-Level,Fully Remote,USA,77860.9112908848,1.090405937875778
2022,136620,Senior-Level,Fully Remote,USA,77860.9112908848,1.7546673643414463
2022,99360,Senior-Level,Fully Remote,USA,77860.9112908848,1.276121719521052
2022,110000,Executive-Level,Fully Remote,USA,77860.9112908848,1.4127756556694415
2022,161342,Senior-Level,Fully Remote,USA,77860.9112908848,2.0721822712456275
2022,137141,Senior-Level,Fully Remote,USA,77860.9112908848,1.761358783583299
2022,167000,Senior-Level,Fully Remote,USA,77860.9112908848,2.144850313607243
2022,211500,Senior-Level,Fully Remote,USA,77860.9112908848,2.71638228340079
2022,138600,Senior-Level,Fully Remote,USA,77860.9112908848,1.7800973261434963
2022,113000,Senior-Level,Onsite,USA,77860.9112908848,1.4513059008240627
2022,95550,Senior-Level,Onsite,USA,77860.9112908848,1.227188308174683
2022,167000,Mid-Level,Fully Remote,USA,77860.9112908848,2.144850313607243
2022,115500,Mid-Level,Fully Remote,USA,77860.9112908848,1.4834144384529135
2022,136600,Senior-Level,Fully Remote,USA,77860.9112908848,1.7544104960404154
2022,224000,Executive-Level,Fully Remote,USA,77860.9112908848,2.8769249715450447
2022,167875,Executive-Level,Fully Remote,USA,77860.9112908848,2.156088301777341
2022,175000,Executive-Level,Fully Remote,USA,77860.9112908848,2.247597634019566
2022,135000,Executive-Level,Fully Remote,USA,77860.9112908848,1.733861031957951
2022,205300,Senior-Level,Onsite,USA,77860.9112908848,2.6367531100812394
2022,176000,Senior-Level,Fully Remote,USA,77860.9112908848,2.2604410490711064
2022,200100,Senior-Level,Fully Remote,USA,77860.9112908848,2.5699673518132293
2022,70500,Senior-Level,Onsite,USA,77860.9112908848,0.9054607611335966
2022,54000,Senior-Level,Onsite,USA,77860.9112908848,0.6935444127831804
2022,184700,Senior-Level,Onsite,USA,77860.9112908848,2.3721787600195077
2022,116150,Senior-Level,Fully Remote,USA,77860.9112908848,1.4917626582364147
2022,99050,Senior-Level,Fully Remote,USA,77860.9112908848,1.2721402608550745
2022,214000,Senior-Level,Fully Remote,USA,77860.9112908848,2.7484908210296406
2022,192600,Senior-Level,Fully Remote,USA,77860.9112908848,2.4736417389266765
2022,266400,Senior-Level,Fully Remote,USA,77860.9112908848,3.4214857697303565
2022,213120,Senior-Level,Fully Remote,USA,77860.9112908848,2.737188615784285
2022,141300,Mid-Level,Onsite,USA,77860.9112908848,1.8147745467826553
2022,102100,Mid-Level,Onsite,USA,77860.9112908848,1.3113126767622725
2022,206699,Mid-Level,Onsite,USA,77860.9112908848,2.6547210477383443
2022,99100,Mid-Level,Onsite,USA,77860.9112908848,1.2727824316076515
2022,110500,Senior-Level,Fully Remote,USA,77860.9112908848,1.4191973631952117
2022,60000,Senior-Level,Fully Remote,USA,77860.9112908848,0.7706049030924227
2022,150260,Senior-Level,Fully Remote,USA,77860.9112908848,1.9298515456444572
2022,129000,Senior-Level,Onsite,USA,77860.9112908848,1.6568005416487086
2022,69000,Senior-Level,Fully Remote,USA,77860.9112908848,0.886195638556286
2022,25000,Senior-Level,Fully Remote,USA,77860.9112908848,0.3210853762885094
2022,106260,Senior-Level,Fully Remote,USA,77860.9112908848,1.3647412833766805
2022,220110,Senior-Level,Fully Remote,USA,77860.9112908848,2.8269640869945523
2022,160080,Senior-Level,Fully Remote,USA,77860.9112908848,2.0559738814505835
2022,50000,Mid-Level,Fully Remote,USA,77860.9112908848,0.6421707525770188
2022,324000,Executive-Level,Fully Remote,USA,77860.9112908848,4.161266476699082
2022,216000,Executive-Level,Fully Remote,USA,77860.9112908848,2.7741776511327214
2022,185100,Senior-Level,Fully Remote,USA,77860.9112908848,2.3773161260401237
2022,104890,Senior-Level,Fully Remote,USA,77860.9112908848,1.3471458047560703
2022,157000,Mid-Level,Fully Remote,USA,77860.9112908848,2.016416163091839
2022,65000,Entry-Level,Fully Remote,USA,77860.9112908848,0.8348219783501245
2022,200000,Senior-Level,Fully Remote,MYS,34419.8684975666,5.810597446475994
2022,153000,Mid-Level,Hybrid,USA,77860.9112908848,1.9650425028856777
2022,100000,Senior-Level,Fully Remote,BRA,19876.8533531396,5.030977399861168
2022,152500,Senior-Level,Fully Remote,USA,77860.9112908848,1.9586207953599075
2022,120000,Entry-Level,Fully Remote,USA,77860.9112908848,1.5412098061848454
2022,405000,Senior-Level,Fully Remote,USA,77860.9112908848,5.201583095873853
2022,380000,Senior-Level,Fully Remote,USA,77860.9112908848,4.880497719585343
2022,177000,Senior-Level,Fully Remote,USA,77860.9112908848,2.273284464122647
2022,48000,Mid-Level,Fully Remote,RUS,40938.98828125,1.1724764586325631
2022,100000,Mid-Level,Fully Remote,CAN,63944.1050100687,1.5638658166261599
2022,144000,Senior-Level,Hybrid,USA,77860.9112908848,1.8494517674218143
2022,100000,Entry-Level,Hybrid,USA,77860.9112908848,1.2843415051540377
2022,125000,Entry-Level,Onsite,USA,77860.9112908848,1.6054268814425472
2022,120000,Senior-Level,Fully Remote,ARE,75071.6586300351,1.5984727417756786
2022,65000,Senior-Level,Fully Remote,ARE,75071.6586300351,0.8658394017951593
2022,25000,Mid-Level,Hybrid,,40599.706536604936,0.615767997669142
2022,65257,Mid-Level,Hybrid,SGP,143094.949896959,0.45603985358666255
2022,16455,Entry-Level,Fully Remote,RUS,40938.98828125,0.40193958597497553
2022,106000,Executive-Level,Onsite,UZB,10292.5309427485,10.29873027242937
2022,63040,Senior-Level,Onsite,PRT,45250.0148759865,1.3931487132715703
2022,36773,Senior-Level,Onsite,PRT,45250.0148759865,0.8126627162616664
2022,73546,Senior-Level,Onsite,PRT,45250.0148759865,1.6253254325233328
2022,42026,Senior-Level,Onsite,PRT,45250.0148759865,0.9287510758875478
2022,69344,Senior-Level,Fully Remote,PRT,45250.0148759865,1.5324635845987273
2022,29944,Senior-Level,Hybrid,PRT,45250.0148759865,0.6617456388039958
2022,55685,Mid-Level,Hybrid,PRT,45250.0148759865,1.2306073302431375
2022,21013,Entry-Level,Fully Remote,PRT,45250.0148759865,0.4643755379437739
2022,200000,Senior-Level,Fully Remote,PRI,45327.510192422,4.41233147708688
2022,135000,Senior-Level,Fully Remote,PRI,45327.510192422,2.9783237470336443
2022,44365,Mid-Level,Fully Remote,POL,46777.5524519162,0.9484249960620295
2022,33609,Mid-Level,Fully Remote,POL,46777.5524519162,0.7184856461771385
2022,40000,Entry-Level,Fully Remote,AUS,66103.1797066957,0.6051146129048969
2022,20000,Entry-Level,Onsite,PAK,5920.27430654107,3.3782218465625515
2022,97712,Mid-Level,Fully Remote,ITA,57260.8945372493,1.7064350948348612
2022,59888,Entry-Level,Fully Remote,NLD,78630.3599072098,0.7616396525549761
2022,133000,Senior-Level,Onsite,NLD,78630.3599072098,1.6914586192528025
2022,73546,Mid-Level,Hybrid,NLD,78630.3599072098,0.9353384632448617
2022,54634,Mid-Level,Fully Remote,NLD,78630.3599072098,0.6948206782275008
2022,115573,Mid-Level,Onsite,NLD,78630.3599072098,1.469826669194768
2022,89306,Mid-Level,Onsite,NLD,78630.3599072098,1.135769950759329
2022,84053,Executive-Level,Onsite,NLD,78630.3599072098,1.0689636941658331
2022,59888,Senior-Level,Fully Remote,NLD,78630.3599072098,0.7616396525549761
2022,200000,Senior-Level,Fully Remote,NGA,8304.9581050353,24.081999869299747
2022,40000,Entry-Level,Fully Remote,JPN,47192.0500603372,0.8476003892362838
2022,255000,Senior-Level,Fully Remote,MEX,23135.4931601276,11.02202569165349
2022,185000,Senior-Level,Fully Remote,MEX,23135.4931601276,7.996371580219199
2022,30000,Mid-Level,Fully Remote,MEX,23135.4931601276,1.2967089049004106
2022,60000,Senior-Level,Fully Remote,ARG,29808.8073468007,2.01282793041499
2022,110446,Mid-Level,Onsite,LTU,50936.0049547442,2.1683286723827173
2022,79178,Mid-Level,Onsite,LTU,50936.0049547442,1.5544603482418446
2022,41809,Entry-Level,Hybrid,JPN,47192.0500603372,0.8859331168394947
2022,24165,Entry-Level,Hybrid,ITA,57260.8945372493,0.42201576128504603
2022,68293,Senior-Level,Onsite,ITA,57260.8945372493,1.192663868629822
2022,100000,Entry-Level,Fully Remote,IRN,17545.6246629429,5.699426604696738
2022,50000,Entry-Level,Fully Remote,IND,9207.12743040145,5.430575429520247
2022,20984,Mid-Level,Hybrid,IND,9207.12743040145,2.2791038962610575
2022,23000,Mid-Level,Fully Remote,IND,9207.12743040145,2.4980646975793137
2022,15897,Mid-Level,Fully Remote,IND,9207.12743040145,1.7265971520616674
2022,18314,Mid-Level,Hybrid,IND,9207.12743040145,1.989111168324676
2022,56723,Senior-Level,Onsite,IND,9207.12743040145,6.16077060177354
2022,35610,Mid-Level,Hybrid,IND,9207.12743040145,3.8676558209043197
2022,38154,Senior-Level,Fully Remote,IND,9207.12743040145,4.1439634987583105
2022,22892,Entry-Level,Hybrid,IND,9207.12743040145,2.4863346546515497
2022,95386,Senior-Level,Hybrid,IND,9207.12743040145,10.360017358404365
2022,30523,Mid-Level,Fully Remote,IND,9207.12743040145,3.31514907670493
2022,76309,Executive-Level,Hybrid,IND,9207.12743040145,8.288035609025211
2022,17805,Mid-Level,Fully Remote,IND,9207.12743040145,1.9338279104521598
2022,17805,Entry-Level,Fully Remote,IND,9207.12743040145,1.9338279104521598
2022,172309,Senior-Level,Fully Remote,IRL,138522.517800204,1.2439060647780562
2022,68293,Senior-Level,Fully Remote,IRL,138522.517800204,0.49301009745218066
2022,53416,Mid-Level,Fully Remote,IND,9207.12743040145,5.80159234286507
2022,15000,Entry-Level,Onsite,IDN,14284.929293133,1.0500577001253164
2022,17684,Entry-Level,Fully Remote,HUN,44365.9108128343,0.3985943188364415
2022,84053,Mid-Level,Fully Remote,GRC,39612.4406377916,2.121883899267005
2022,73546,Mid-Level,Fully Remote,GRC,39612.4406377916,1.8566389451357017
2022,52533,Mid-Level,Onsite,GRC,39612.4406377916,1.3261742814675688
2022,42026,Mid-Level,Fully Remote,GRC,39612.4406377916,1.0609293273362657
2022,31520,Mid-Level,Fully Remote,GRC,39612.4406377916,0.7957096177994359
2022,63040,Mid-Level,Fully Remote,GRC,39612.4406377916,1.5914192355988719
2022,47280,Mid-Level,Fully Remote,GRC,39612.4406377916,1.1935644266991539
2022,20000,Mid-Level,Fully Remote,GRC,39612.4406377916,0.5048918894666472
2022,15000,Mid-Level,Fully Remote,GHA,7208.15798982723,2.080975475450078
2022,36940,Entry-Level,Fully Remote,GBR,59021.5721805914,0.6258728569102284
2022,55410,Mid-Level,Fully Remote,FRA,57042.9449013772,0.9713734116602775
2022,105066,Mid-Level,Hybrid,GBR,59021.5721805914,1.7801287922070943
2022,88256,Senior-Level,Fully Remote,ESP,51398.9310403407,1.717078511433085
2022,92350,Mid-Level,Onsite,GBR,59021.5721805914,1.564682142275571
2022,67723,Mid-Level,Onsite,GBR,59021.5721805914,1.1474279233495235
2022,92350,Mid-Level,Fully Remote,GBR,59021.5721805914,1.564682142275571
2022,73880,Mid-Level,Fully Remote,GBR,59021.5721805914,1.2517457138204569
2022,430967,Mid-Level,Onsite,GBR,59021.5721805914,7.30185564493856
2022,55410,Mid-Level,Onsite,GBR,59021.5721805914,0.9388092853653427
2022,70186,Mid-Level,Onsite,GBR,59021.5721805914,1.189158428129434
2022,51716,Mid-Level,Onsite,GBR,59021.5721805914,0.8762219996743198
2022,92350,Senior-Level,Onsite,GBR,59021.5721805914,1.564682142275571
2022,70186,Senior-Level,Onsite,GBR,59021.5721805914,1.189158428129434
2022,86193,Mid-Level,Fully Remote,GBR,59021.5721805914,1.4603643518046379
2022,49253,Mid-Level,Fully Remote,GBR,59021.5721805914,0.8344914948944093
2022,104663,Mid-Level,Onsite,GBR,59021.5721805914,1.773300780259752
2022,73880,Mid-Level,Onsite,GBR,59021.5721805914,1.2517457138204569
2022,61566,Senior-Level,Fully Remote,GBR,59021.5721805914,1.0431101328785903
2022,43096,Senior-Level,Fully Remote,GBR,59021.5721805914,0.7301737044234761
2022,80036,Mid-Level,Onsite,GBR,59021.5721805914,1.3560465613337045
2022,61566,Entry-Level,Fully Remote,GBR,59021.5721805914,1.0431101328785903
2022,49253,Entry-Level,Fully Remote,GBR,59021.5721805914,0.8344914948944093
2022,57872,Mid-Level,Hybrid,GBR,59021.5721805914,0.9805228471875674
2022,103432,Senior-Level,Onsite,GBR,59021.5721805914,1.7524439993486396
2022,200000,Senior-Level,Fully Remote,GBR,59021.5721805914,3.388591537142547
2022,33246,Entry-Level,Hybrid,GBR,59021.5721805914,0.5632855712192056
2022,110820,Mid-Level,Onsite,GBR,59021.5721805914,1.8776185707306854
2022,80036,Mid-Level,Fully Remote,GBR,59021.5721805914,1.3560465613337045
2022,67723,Mid-Level,Fully Remote,GBR,59021.5721805914,1.1474279233495235
2022,102200,Mid-Level,Fully Remote,GBR,59021.5721805914,1.7315702754798414
2022,98506,Mid-Level,Fully Remote,GBR,59021.5721805914,1.6689829897888186
2022,102663,Senior-Level,Fully Remote,GBR,59021.5721805914,1.7394148648883265
2022,80041,Senior-Level,Fully Remote,GBR,59021.5721805914,1.356131276122133
2022,104611,Senior-Level,Fully Remote,GBR,59021.5721805914,1.7724197464600948
2022,82280,Senior-Level,Fully Remote,GBR,59021.5721805914,1.394066558380444
2022,118208,Mid-Level,Onsite,GBR,59021.5721805914,2.002793142112731
2022,128058,Mid-Level,Hybrid,GBR,59021.5721805914,2.1696812753170014
2022,98506,Mid-Level,Onsite,GBR,59021.5721805914,1.6689829897888186
2022,55410,Entry-Level,Fully Remote,GBR,59021.5721805914,0.9388092853653427
2022,86193,Senior-Level,Onsite,GBR,59021.5721805914,1.4603643518046379
2022,61566,Senior-Level,Onsite,GBR,59021.5721805914,1.0431101328785903
2022,61566,Mid-Level,Hybrid,GBR,59021.5721805914,1.0431101328785903
2022,131752,Mid-Level,Fully Remote,GBR,59021.5721805914,2.2322685610080244
2022,77119,Senior-Level,Fully Remote,FRA,57042.9449013772,1.3519463297929784
2022,30000,Entry-Level,Fully Remote,GBR,59021.5721805914,0.508288730571382
2022,91118,Mid-Level,Onsite,GBR,59021.5721805914,1.543808418406773
2022,61566,Mid-Level,Onsite,GBR,59021.5721805914,1.0431101328785903
2022,80036,Mid-Level,Hybrid,GBR,59021.5721805914,1.3560465613337045
2022,135446,Mid-Level,Onsite,GBR,59021.5721805914,2.294855846699047
2022,116976,Mid-Level,Onsite,GBR,59021.5721805914,1.9819194182439328
2022,35093,Entry-Level,Fully Remote,GBR,59021.5721805914,0.594579214064717
2022,36940,Mid-Level,Fully Remote,GBR,59021.5721805914,0.6258728569102284
2022,43096,Mid-Level,Onsite,GBR,59021.5721805914,0.7301737044234761
2022,55410,Mid-Level,Fully Remote,GBR,59021.5721805914,0.9388092853653427
2022,36940,Mid-Level,Onsite,GBR,59021.5721805914,0.6258728569102284
2022,49253,Mid-Level,Onsite,GBR,59021.5721805914,0.8344914948944093
2022,110820,Senior-Level,Onsite,GBR,59021.5721805914,1.8776185707306854
2022,98506,Senior-Level,Onsite,GBR,59021.5721805914,1.6689829897888186
2022,43096,Entry-Level,Fully Remote,GBR,59021.5721805914,0.7301737044234761
2022,73880,Senior-Level,Onsite,GBR,59021.5721805914,1.2517457138204569
2022,172386,Mid-Level,Onsite,GBR,59021.5721805914,2.9207287036092757
2022,86193,Mid-Level,Onsite,GBR,59021.5721805914,1.4603643518046379
2022,84053,Senior-Level,Hybrid,FRA,57042.9449013772,1.473503868801323
2022,94560,Mid-Level,Fully Remote,FRA,57042.9449013772,1.6576984263958823
2022,52533,Mid-Level,Fully Remote,FRA,57042.9449013772,0.9209377266693621
2022,58837,Mid-Level,Fully Remote,FRA,57042.9449013772,1.0314509550957542
2022,63040,Mid-Level,Fully Remote,FRA,57042.9449013772,1.1051322842639215
2022,115573,Senior-Level,Fully Remote,FRA,57042.9449013772,2.0260700109332834
2022,73546,Senior-Level,Fully Remote,FRA,57042.9449013772,1.2893093112067635
2022,105066,Mid-Level,Hybrid,FRA,57042.9449013772,1.8418754533387243
2022,39925,Entry-Level,Hybrid,FRA,57042.9449013772,0.6999112698165778
2022,57786,Senior-Level,Hybrid,FRA,57042.9449013772,1.013026240140783
2022,110000,Entry-Level,Fully Remote,DOM,24625.8088564037,4.466858353421986
2022,28368,Entry-Level,Hybrid,FRA,57042.9449013772,0.49730952791876465
2022,89306,Senior-Level,Hybrid,FRA,57042.9449013772,1.5655923822727438
2022,65141,Mid-Level,Fully Remote,FRA,57042.9449013772,1.1419641835221463
2022,63040,Senior-Level,Hybrid,FIN,62133.1375219912,1.0145954721454042
2022,73546,Senior-Level,Onsite,ESP,51398.9310403407,1.4308857890892142
2022,36773,Senior-Level,Onsite,ESP,51398.9310403407,0.7154428945446071
2022,47280,Senior-Level,Onsite,ESP,51398.9310403407,0.9198634882677241
2022,37824,Senior-Level,Onsite,ESP,51398.9310403407,0.7358907906141793
2022,50432,Senior-Level,Onsite,ESP,51398.9310403407,0.9811877208189057
2022,39925,Senior-Level,Onsite,ESP,51398.9310403407,0.7767671270957887
2022,68293,Senior-Level,Onsite,ESP,51398.9310403407,1.3286852200564232
2022,42026,Senior-Level,Onsite,ESP,51398.9310403407,0.8176434635773979
2022,27317,Entry-Level,Hybrid,ESP,51398.9310403407,0.5314701968910622
2022,31520,Entry-Level,Fully Remote,PRT,45250.0148759865,0.6965743566357852
2022,84053,Mid-Level,Fully Remote,ESP,51398.9310403407,1.635306382812331
2022,73546,Mid-Level,Fully Remote,ESP,51398.9310403407,1.4308857890892142
2022,31520,Entry-Level,Hybrid,ESP,51398.9310403407,0.6132423255118161
2022,42026,Mid-Level,Fully Remote,ESP,51398.9310403407,0.8176434635773979
2022,31520,Mid-Level,Fully Remote,ESP,51398.9310403407,0.6132423255118161
2022,63040,Mid-Level,Fully Remote,ESP,51398.9310403407,1.2264846510236322
2022,47280,Mid-Level,Fully Remote,ESP,51398.9310403407,0.9198634882677241
2022,22800,Mid-Level,Fully Remote,EGY,17526.8017030166,1.3008648346877691
2022,31520,Mid-Level,Fully Remote,EST,48217.5523106028,0.6537038586479411
2022,100000,Entry-Level,Hybrid,DZA,15836.0944370321,6.314688283630959
2022,73546,Mid-Level,Fully Remote,DEU,69048.9884036885,1.065127841844983
2022,60938,Entry-Level,Onsite,DEU,69048.9884036885,0.8825328423891112
2022,64090,Mid-Level,Onsite,DEU,69048.9884036885,0.9281815922530793
2022,60938,Mid-Level,Onsite,DEU,69048.9884036885,0.8825328423891112
2022,66192,Entry-Level,Hybrid,DEU,69048.9884036885,0.9586237471433269
2022,33000,Entry-Level,Fully Remote,ITA,57260.8945372493,0.576309543654315
2022,34672,Entry-Level,Fully Remote,ITA,57260.8945372493,0.6055092271994669
2022,75648,Mid-Level,Fully Remote,DEU,69048.9884036885,1.0955699967352308
2022,126080,Mid-Level,Onsite,DEU,69048.9884036885,1.8259499945587179
2022,84053,Mid-Level,Onsite,DEU,69048.9884036885,1.2172951688820108
2022,50432,Mid-Level,Fully Remote,DEU,69048.9884036885,0.7303799978234872
2022,60938,Mid-Level,Fully Remote,DEU,69048.9884036885,0.8825328423891112
2022,65666,Mid-Level,Hybrid,DEU,69048.9884036885,0.9510059671850633
2022,84053,Mid-Level,Fully Remote,FRA,57042.9449013772,1.473503868801323
2022,52533,Mid-Level,Hybrid,DEU,69048.9884036885,0.7608076702423313
2022,55475,Entry-Level,Fully Remote,PAK,5920.27430654107,9.370342846902878
2022,155499,Senior-Level,Fully Remote,DEU,69048.9884036885,2.2520098207795534
2022,84053,Senior-Level,Onsite,DEU,69048.9884036885,1.2172951688820108
2022,30469,Entry-Level,Fully Remote,TUN,13618.5389918651,2.2373178222862493
2022,125000,Senior-Level,Fully Remote,COL,20854.002999162,5.994053036485274
2022,56536,Entry-Level,Fully Remote,CHE,94421.4576550424,0.5987622030423166
2022,104697,Mid-Level,Fully Remote,CHE,94421.4576550424,1.108826347317133
2022,120402,Mid-Level,Onsite,CHE,94421.4576550424,1.275155065280547
2022,275000,Senior-Level,Onsite,CAN,63944.1050100687,4.3006309957219395
2022,248400,Senior-Level,Fully Remote,CAN,63944.1050100687,3.884642688499381
2022,183600,Senior-Level,Fully Remote,CAN,63944.1050100687,2.8712576393256293
2022,200000,Entry-Level,Hybrid,CAN,63944.1050100687,3.1277316332523197
2022,227200,Senior-Level,Fully Remote,CAN,63944.1050100687,3.553103135374635
2022,168000,Senior-Level,Fully Remote,CAN,63944.1050100687,2.6272945719319485
2022,178000,Senior-Level,Onsite,CAN,63944.1050100687,2.7836811535945643
2022,132000,Senior-Level,Onsite,CAN,63944.1050100687,2.064302877946531
2022,105236,Mid-Level,Hybrid,CAN,63944.1050100687,1.6457498307847056
2022,100000,Mid-Level,Onsite,CAN,63944.1050100687,1.5638658166261599
2022,65000,Mid-Level,Onsite,CAN,63944.1050100687,1.0165127808070038
2022,187200,Senior-Level,Fully Remote,CAN,63944.1050100687,2.9275568087241712
2022,116100,Senior-Level,Fully Remote,CAN,63944.1050100687,1.8156482131029714
2022,73742,Entry-Level,Fully Remote,CAN,63944.1050100687,1.1532259304964627
2022,161311,Senior-Level,Hybrid,CAN,63944.1050100687,2.5226875874578245
2022,125976,Executive-Level,Hybrid,CAN,63944.1050100687,1.970095601152971
2022,140000,Senior-Level,Onsite,CAN,63944.1050100687,2.189412143276624
2022,110000,Senior-Level,Onsite,CAN,63944.1050100687,1.7202523982887759
2022,185800,Senior-Level,Fully Remote,CAN,63944.1050100687,2.9056626872914046
2022,137400,Senior-Level,Fully Remote,CAN,63944.1050100687,2.1487516320443434
2022,115222,Executive-Level,Fully Remote,CAN,63944.1050100687,1.8019174712329937
2022,192400,Senior-Level,Fully Remote,CAN,63944.1050100687,3.008877831188731
2022,90700,Senior-Level,Fully Remote,CAN,63944.1050100687,1.418426295679927
2022,130000,Senior-Level,Fully Remote,CAN,63944.1050100687,2.0330255616140076
2022,61300,Senior-Level,Fully Remote,CAN,63944.1050100687,0.9586497455918359
2022,85000,Mid-Level,Onsite,CAN,63944.1050100687,1.3292859441322358
2022,75000,Mid-Level,Onsite,CAN,63944.1050100687,1.1728993624696198
2022,67000,Entry-Level,Onsite,CAN,63944.1050100687,1.047790097139527
2022,52000,Entry-Level,Onsite,CAN,63944.1050100687,0.8132102246456031
2022,76814,Mid-Level,Fully Remote,CAN,63944.1050100687,1.2012678883832184
2022,192037,Executive-Level,Hybrid,CAN,63944.1050100687,3.0032009982743784
2022,69133,Mid-Level,Hybrid,CAN,63944.1050100687,1.081147355008163
2022,67597,Mid-Level,Fully Remote,CAN,63944.1050100687,1.0571263760647853
2022,51081,Entry-Level,Fully Remote,CAN,63944.1050100687,0.7988382977908086
2022,76814,Senior-Level,Fully Remote,CAN,63944.1050100687,1.2012678883832184
2022,75000,Mid-Level,Fully Remote,CAN,63944.1050100687,1.1728993624696198
2022,78000,Mid-Level,Fully Remote,BRA,19876.8533531396,3.924162371891711
2022,48000,Mid-Level,Fully Remote,BRA,19876.8533531396,2.4148691519333605
2022,42000,Mid-Level,Fully Remote,BRA,19876.8533531396,2.1130105079416905
2022,84000,Mid-Level,Fully Remote,BRA,19876.8533531396,4.226021015883381
2022,54000,Mid-Level,Fully Remote,BRA,19876.8533531396,2.716727795925031
2022,84053,Entry-Level,Fully Remote,BEL,69128.1388883843,1.2159013876493
2022,52008,Entry-Level,Hybrid,BEL,69128.1388883843,0.7523419671976584
2022,89306,Mid-Level,Hybrid,AUT,72065.4974270106,1.2392337968727813
2022,50000,Entry-Level,Hybrid,AUT,72065.4974270106,0.6938132918688449
2022,61989,Mid-Level,Onsite,AUT,72065.4974270106,0.8601758429931565
2022,40000,Entry-Level,Fully Remote,PAK,5920.27430654107,6.756443693125103
2022,171000,Senior-Level,Fully Remote,USA,77860.9112908848,2.1962239738134044
2022,83171,Mid-Level,Onsite,AUS,66103.1797066957,1.2581996867478296
2022,45050,Mid-Level,Hybrid,AUS,66103.1797066957,0.6815103327841401
2022,53368,Mid-Level,Fully Remote,AUS,66103.1797066957,0.8073439165377134
2022,133766,Senior-Level,Fully Remote,AUS,66103.1797066957,2.023594032745911
2022,83864,Mid-Level,Fully Remote,AUS,66103.1797066957,1.2686832974164068
2022,83171,Entry-Level,Hybrid,AUS,66103.1797066957,1.2581996867478296
2022,150000,Entry-Level,Fully Remote,AUS,66103.1797066957,2.2691797983933633
2022,50000,Entry-Level,Fully Remote,ARG,29808.8073468007,1.6773566086791583
2021,185000,Senior-Level,Hybrid,USA,77860.9112908848,2.3760317845349697
2021,56000,Mid-Level,Fully Remote,GHA,7208.15798982723,7.768975108346958
2021,150000,Mid-Level,Fully Remote,USA,77860.9112908848,1.9265122577310565
2021,115000,Senior-Level,Fully Remote,USA,77860.9112908848,1.4769927309271433
2021,250000,Senior-Level,Hybrid,USA,77860.9112908848,3.2108537628850944
2021,109000,Mid-Level,Hybrid,USA,77860.9112908848,1.3999322406179011
2021,150000,Senior-Level,Onsite,USA,77860.9112908848,1.9265122577310565
2021,240000,Senior-Level,Onsite,USA,77860.9112908848,3.0824196123696908
2021,135000,Mid-Level,Fully Remote,USA,77860.9112908848,1.733861031957951
2021,80000,Entry-Level,Fully Remote,USA,77860.9112908848,1.0274732041232302
2021,220000,Senior-Level,Onsite,USA,77860.9112908848,2.825551311338883
2021,90000,Mid-Level,Fully Remote,USA,77860.9112908848,1.155907354638634
2021,100000,Entry-Level,Onsite,USA,77860.9112908848,1.2843415051540377
2021,38400,Mid-Level,Fully Remote,VNM,13905.1536875216,2.761566025297507
2021,82500,Mid-Level,Fully Remote,USA,77860.9112908848,1.0595817417520812
2021,120000,Senior-Level,Hybrid,USA,77860.9112908848,1.5412098061848454
2021,50000,Entry-Level,Fully Remote,USA,77860.9112908848,0.6421707525770188
2021,200000,Senior-Level,Fully Remote,USA,77860.9112908848,2.5686830103080753
2021,200000,Mid-Level,Fully Remote,USA,77860.9112908848,2.5686830103080753
2021,100000,Mid-Level,Fully Remote,USA,77860.9112908848,1.2843415051540377
2021,170000,Mid-Level,Fully Remote,USA,77860.9112908848,2.183380558761864
2021,55000,Entry-Level,Hybrid,USA,77860.9112908848,0.7063878278347208
2021,250000,Executive-Level,Onsite,USA,77860.9112908848,3.2108537628850944
2021,125000,Entry-Level,Fully Remote,USA,77860.9112908848,1.6054268814425472
2021,120000,Senior-Level,Fully Remote,USA,77860.9112908848,1.5412098061848454
2021,144000,Senior-Level,Fully Remote,USA,77860.9112908848,1.8494517674218143
2021,153000,Senior-Level,Fully Remote,USA,77860.9112908848,1.9650425028856777
2021,90000,Entry-Level,Fully Remote,USA,77860.9112908848,1.155907354638634
2021,60000,Entry-Level,Fully Remote,USA,77860.9112908848,0.7706049030924227
2021,270000,Mid-Level,Fully Remote,USA,77860.9112908848,3.467722063915902
2021,110000,Mid-Level,Fully Remote,USA,77860.9112908848,1.4127756556694415
2021,80000,Senior-Level,Fully Remote,BGR,36320.1422295192,2.2026345462650747
2021,140000,Mid-Level,Fully Remote,USA,77860.9112908848,1.7980781072156529
2021,170000,Senior-Level,Fully Remote,USA,77860.9112908848,2.183380558761864
2021,235000,Executive-Level,Fully Remote,USA,77860.9112908848,3.0182025371119887
2021,150000,Executive-Level,Fully Remote,IND,9207.12743040145,16.291726288560742
2021,225000,Entry-Level,Fully Remote,USA,77860.9112908848,2.889768386596585
2021,150000,Senior-Level,Fully Remote,USA,77860.9112908848,1.9265122577310565
2021,36259,Mid-Level,Hybrid,HUN,44365.9108128343,0.8172716244452912
2021,95746,Mid-Level,Fully Remote,DEU,69048.9884036885,1.3866387070036406
2021,70000,Entry-Level,Fully Remote,USA,77860.9112908848,0.8990390536078264
2021,276000,Senior-Level,Onsite,USA,77860.9112908848,3.544782554225144
2021,160000,Senior-Level,Fully Remote,BRA,19876.8533531396,8.04956383977787
2021,174000,Senior-Level,Fully Remote,USA,77860.9112908848,2.2347542189680256
2021,93000,Mid-Level,Fully Remote,USA,77860.9112908848,1.194437599793255
2021,165000,Senior-Level,Fully Remote,USA,77860.9112908848,2.1191634835041624
2021,80000,Mid-Level,Fully Remote,USA,77860.9112908848,1.0274732041232302
2021,110000,Mid-Level,Onsite,USA,77860.9112908848,1.4127756556694415
2021,180000,Mid-Level,Fully Remote,USA,77860.9112908848,2.311814709277268
2021,256000,Senior-Level,Fully Remote,USA,77860.9112908848,3.2879142531943364
2021,72500,Entry-Level,Fully Remote,USA,77860.9112908848,0.9311475912366773
2021,112000,Mid-Level,Fully Remote,USA,77860.9112908848,1.4384624857725223
2021,58000,Entry-Level,Hybrid,USA,77860.9112908848,0.7449180729893419
2021,100000,Entry-Level,Fully Remote,USA,77860.9112908848,1.2843415051540377
2021,105000,Senior-Level,Fully Remote,USA,77860.9112908848,1.3485585804117397
2021,111775,Mid-Level,Onsite,USA,77860.9112908848,1.4355727173859256
2021,93150,Mid-Level,Onsite,USA,77860.9112908848,1.1963641120509863
2021,160000,Senior-Level,Hybrid,PRI,45327.510192422,3.5298651816695044
2021,135000,Senior-Level,Onsite,USA,77860.9112908848,1.733861031957951
2021,54094,Senior-Level,Hybrid,IND,9207.12743040145,5.875230945689365
2021,147000,Mid-Level,Hybrid,USA,77860.9112908848,1.8879820125764355
2021,26005,Mid-Level,Onsite,ROU,41979.2586767087,0.6194725876478692
2021,81000,Entry-Level,Hybrid,USA,77860.9112908848,1.0403166191747706
2021,195000,Senior-Level,Fully Remote,USA,77860.9112908848,2.5044659350503737
2021,416000,Executive-Level,Fully Remote,USA,77860.9112908848,5.342860661440797
2021,120000,Senior-Level,Onsite,USA,77860.9112908848,1.5412098061848454
2021,20000,Mid-Level,Onsite,ITA,57260.8945372493,0.3492785113056454
2021,160000,Mid-Level,Fully Remote,USA,77860.9112908848,2.0549464082464604
2021,50000,Senior-Level,Fully Remote,FRA,57042.9449013772,0.876532585869227
2021,165000,Senior-Level,Onsite,USA,77860.9112908848,2.1191634835041624
2021,185000,Senior-Level,Fully Remote,USA,77860.9112908848,2.3760317845349697
2021,140000,Senior-Level,Fully Remote,USA,77860.9112908848,1.7980781072156529
2021,130000,Mid-Level,Hybrid,USA,77860.9112908848,1.669643956700249
2021,115000,Mid-Level,Hybrid,USA,77860.9112908848,1.4769927309271433
2021,235000,Senior-Level,Fully Remote,USA,77860.9112908848,3.0182025371119887
2021,75000,Mid-Level,Onsite,USA,77860.9112908848,0.9632561288655282
2021,62000,Mid-Level,Onsite,USA,77860.9112908848,0.7962917331955034
2021,73000,Mid-Level,Onsite,USA,77860.9112908848,0.9375692987624475
2021,423000,Mid-Level,Hybrid,USA,77860.9112908848,5.43276456680158
2021,151000,Mid-Level,Fully Remote,USA,77860.9112908848,1.939355672782597
2021,20171,Senior-Level,Hybrid,,40599.706536604936,0.4968262512393706
2021,28016,Mid-Level,Fully Remote,,40599.706536604936,0.6900542489079474
2021,15000,Entry-Level,Fully Remote,THA,22243.0747727026,0.6743671975786582
2021,102839,Senior-Level,Fully Remote,SVN,52347.109726538,1.9645592762854016
2021,24823,Mid-Level,Hybrid,SVN,52347.109726538,0.47420001084445124
2021,66970,Entry-Level,Hybrid,SGP,143094.949896959,0.468010925949688
2021,89294,Mid-Level,Hybrid,SGP,143094.949896959,0.6240192268441308
2021,85000,Executive-Level,Onsite,RUS,40938.98828125,2.0762603954951637
2021,230000,Executive-Level,Hybrid,RUS,40938.98828125,5.618116364281032
2021,60000,Mid-Level,Hybrid,ESP,51398.9310403407,1.167339452116401
2021,60757,Senior-Level,Hybrid,PRT,45250.0148759865,1.3426956911840227
2021,153667,Executive-Level,Fully Remote,ITA,57260.8945372493,2.6836290498402304
2021,28476,Mid-Level,Fully Remote,POL,46777.5524519162,0.6087535261549049
2021,46597,Mid-Level,Fully Remote,POL,46777.5524519162,0.9961401902739184
2021,50000,Senior-Level,Fully Remote,PHL,10131.346369794,4.9351782255783885
2021,69741,Mid-Level,Fully Remote,NLD,78630.3599072098,0.8869474854534564
2021,45391,Mid-Level,Fully Remote,NLD,78630.3599072098,0.5772706630564207
2021,60000,Senior-Level,Fully Remote,NGA,8304.9581050353,7.2245999607899245
2021,50000,Mid-Level,Fully Remote,NGA,8304.9581050353,6.020499967324937
2021,28369,Mid-Level,Hybrid,MLT,60588.8890591794,0.4682211613467769
2021,18000,Mid-Level,Onsite,MDA,16452.9621192,1.094027924551936
2021,59102,Entry-Level,Fully Remote,LUX,146919.145398494,0.40227568598834107
2021,77364,Mid-Level,Hybrid,JPN,47192.0500603372,1.6393439128218965
2021,63711,Mid-Level,Hybrid,JPN,47192.0500603372,1.350036709965822
2021,74000,Mid-Level,Hybrid,JPN,47192.0500603372,1.568060720087125
2021,168000,Senior-Level,Onsite,JPN,47192.0500603372,3.559921634792392
2021,51064,Mid-Level,Hybrid,ITA,57260.8945372493,0.8917778950655738
2021,100000,Entry-Level,Hybrid,IRQ,14391.1292349806,6.94872503520637
2021,18053,Entry-Level,Fully Remote,IND,9207.12743040145,1.9607635645825803
2021,54094,Senior-Level,Fully Remote,IND,9207.12743040145,5.875230945689365
2021,16904,Mid-Level,Hybrid,IND,9207.12743040145,1.835968941212205
2021,40570,Senior-Level,Hybrid,IND,9207.12743040145,4.406368903512728
2021,20000,Entry-Level,Fully Remote,IND,9207.12743040145,2.1722301718080987
2021,30428,Entry-Level,Fully Remote,IND,9207.12743040145,3.3048309833888414
2021,29751,Entry-Level,Hybrid,IND,9207.12743040145,3.2313009920731375
2021,28399,Entry-Level,Fully Remote,IND,9207.12743040145,3.08445823245891
2021,21637,Entry-Level,Hybrid,IND,9207.12743040145,2.3500272113705916
2021,66265,Senior-Level,Onsite,IND,9207.12743040145,7.197141616743183
2021,16904,Mid-Level,Fully Remote,IND,9207.12743040145,1.835968941212205
2021,16228,Entry-Level,Fully Remote,IND,9207.12743040145,1.7625475614050914
2021,24342,Senior-Level,Fully Remote,IND,9207.12743040145,2.643821342107637
2021,22611,Mid-Level,Onsite,IND,9207.12743040145,2.455814820737646
2021,33808,Mid-Level,Onsite,IND,9207.12743040145,3.67193788242441
2021,19609,Mid-Level,Fully Remote,IND,9207.12743040145,2.1297630719492506
2021,94665,Senior-Level,Hybrid,IND,9207.12743040145,10.281708460710684
2021,119059,Mid-Level,Fully Remote,SGP,143094.949896959,0.8320279652477812
2021,40189,Mid-Level,Fully Remote,GRC,39612.4406377916,1.0145550072887541
2021,30000,Mid-Level,Onsite,GHA,7208.15798982723,4.161950950900156
2021,45390,Entry-Level,Hybrid,GBR,59021.5721805914,0.769040849354501
2021,110037,Entry-Level,Onsite,GBR,59021.5721805914,1.8643522348627721
2021,82528,Mid-Level,Fully Remote,GBR,59021.5721805914,1.3982684118865005
2021,82528,Entry-Level,Hybrid,GBR,59021.5721805914,1.3982684118865005
2021,103160,Senior-Level,Fully Remote,GBR,59021.5721805914,1.7478355148581257
2021,113476,Senior-Level,Fully Remote,GBR,59021.5721805914,1.9226190663439382
2021,51519,Mid-Level,Hybrid,GBR,59021.5721805914,0.8728842370102344
2021,96282,Senior-Level,Hybrid,GBR,59021.5721805914,1.6313018518957936
2021,72212,Mid-Level,Hybrid,GBR,59021.5721805914,1.223484860400688
2021,50000,Senior-Level,Fully Remote,VNM,13905.1536875216,3.5957890954394625
2021,56256,Mid-Level,Hybrid,GBR,59021.5721805914,0.9531430275674556
2021,116914,Mid-Level,Hybrid,GBR,59021.5721805914,1.9808689548674188
2021,66022,Mid-Level,Hybrid,HKG,68602.1257900473,0.9623900023456471
2021,61896,Senior-Level,Hybrid,GBR,59021.5721805914,1.0487013089148753
2021,76833,Senior-Level,Hybrid,ROU,41979.2586767087,1.8302610008363287
2021,20000,Entry-Level,Hybrid,FRA,57042.9449013772,0.3506130343476908
2021,49646,Entry-Level,Hybrid,FRA,57042.9449013772,0.8703267351612729
2021,62649,Mid-Level,Hybrid,FRA,57042.9449013772,1.0982777994424242
2021,59102,Entry-Level,Hybrid,FRA,57042.9449013772,1.036096577800861
2021,53192,Senior-Level,Hybrid,FRA,57042.9449013772,0.9324904261511185
2021,36643,Entry-Level,Hybrid,FRA,57042.9449013772,0.6423756708801217
2021,77684,Senior-Level,Hybrid,FRA,57042.9449013772,1.3618511480133006
2021,56738,Mid-Level,Hybrid,FRA,57042.9449013772,0.9946541171409641
2021,152000,Senior-Level,Fully Remote,USA,77860.9112908848,1.9521990878341373
2021,47282,Mid-Level,Fully Remote,ESP,51398.9310403407,0.9199023995827947
2021,55000,Senior-Level,Fully Remote,ESP,51398.9310403407,1.0700611644400344
2021,69741,Executive-Level,Fully Remote,FRA,57042.9449013772,1.2226051814221153
2021,37825,Mid-Level,Fully Remote,ESP,51398.9310403407,0.7359102462717146
2021,46809,Mid-Level,Fully Remote,ESP,51398.9310403407,0.9106998735686104
2021,19073,Entry-Level,Hybrid,DNK,78913.6534913127,0.24169455038727455
2021,88654,Senior-Level,Fully Remote,GRC,39612.4406377916,2.238034278438807
2021,28609,Entry-Level,Hybrid,DNK,78913.6534913127,0.36253548954173637
2021,130026,Executive-Level,Hybrid,DEU,69048.9884036885,1.883097826717099
2021,63831,Entry-Level,Hybrid,DEU,69048.9884036885,0.9244306321595616
2021,79197,Senior-Level,Fully Remote,DEU,69048.9884036885,1.1469682877464054
2021,76833,Entry-Level,Fully Remote,DEU,69048.9884036885,1.1127317253484292
2021,94564,Senior-Level,Hybrid,DEU,69048.9884036885,1.3695204258046525
2021,85000,Entry-Level,Fully Remote,NLD,78630.3599072098,1.0810073882442721
2021,76833,Entry-Level,Onsite,DEU,69048.9884036885,1.1127317253484292
2021,65013,Entry-Level,Hybrid,DEU,69048.9884036885,0.9415489133585495
2021,25532,Mid-Level,Fully Remote,SRB,26142.8279237665,0.9766349713371599
2021,63831,Senior-Level,Hybrid,DEU,69048.9884036885,0.9244306321595616
2021,141846,Executive-Level,Onsite,DEU,69048.9884036885,2.0542806387069787
2021,24823,Entry-Level,Hybrid,DEU,69048.9884036885,0.35949838765015113
2021,90734,Mid-Level,Hybrid,DEU,69048.9884036885,1.3140525603290825
2021,88654,Mid-Level,Hybrid,DEU,69048.9884036885,1.2839290198097126
2021,173762,Senior-Level,Fully Remote,DEU,69048.9884036885,2.5165031960224615
2021,69999,Mid-Level,Hybrid,CZE,52946.9660854462,1.3220587537921455
2021,21844,Entry-Level,Hybrid,COL,20854.002999162,1.0474727562318746
2021,100000,Entry-Level,Onsite,JEY,72289.2868525454,1.3833308413178635
2021,40038,Mid-Level,Fully Remote,CHL,30932.0010873677,1.2943876436222903
2021,127221,Senior-Level,Hybrid,CAN,63944.1050100687,1.9895657305699668
2021,75774,Mid-Level,Fully Remote,CAN,63944.1050100687,1.1850036838903062
2021,54238,Mid-Level,Hybrid,GBR,59021.5721805914,0.9189521389576873
2021,187442,Mid-Level,Fully Remote,CAN,63944.1050100687,2.9313413640004065
2021,99703,Senior-Level,Hybrid,CAN,63944.1050100687,1.55922113515078
2021,103691,Senior-Level,Fully Remote,CAN,63944.1050100687,1.6215881039178313
2021,63810,Mid-Level,Fully Remote,CAN,63944.1050100687,0.9979027775891526
2021,71786,Senior-Level,Fully Remote,CAN,63944.1050100687,1.122636715123255
2021,96113,Senior-Level,Hybrid,CAN,63944.1050100687,1.5030783523339009
2021,225000,Senior-Level,Fully Remote,USA,77860.9112908848,2.889768386596585
2021,87738,Senior-Level,Fully Remote,CAN,63944.1050100687,1.3721045901914601
2021,24000,Senior-Level,Fully Remote,BRA,19876.8533531396,1.2074345759666802
2021,18907,Senior-Level,Onsite,BRA,19876.8533531396,0.9512068969917511
2021,82744,Senior-Level,Hybrid,BEL,69128.1388883843,1.1969655386441134
2021,88654,Mid-Level,Fully Remote,BEL,69128.1388883843,1.2824589440074836
2021,45555,Mid-Level,Hybrid,ASM,60259.66679962728,0.7559782922709717
2021,61467,Mid-Level,Hybrid,DEU,69048.9884036885,0.8901940697615855
2021,75050,Mid-Level,Hybrid,AUS,66103.1797066957,1.1353462924628128
2021,42028,Entry-Level,Hybrid,AUS,66103.1797066957,0.6357939237791752
2020,164000,Senior-Level,Hybrid,USA,77860.9112908848,2.106320068452622
2020,300000,Executive-Level,Fully Remote,USA,77860.9112908848,3.853024515462113
2020,95000,Mid-Level,Onsite,USA,77860.9112908848,1.2201244298963358
2020,70000,Entry-Level,Fully Remote,USA,77860.9112908848,0.8990390536078264
2020,68428,Senior-Level,Fully Remote,GRC,39612.4406377916,1.7274371106211865
2020,450000,Mid-Level,Onsite,USA,77860.9112908848,5.77953677319317
2020,103000,Mid-Level,Fully Remote,USA,77860.9112908848,1.322871750308659
2020,250000,Entry-Level,Hybrid,USA,77860.9112908848,3.2108537628850944
2020,138000,Entry-Level,Fully Remote,USA,77860.9112908848,1.772391277112572
2020,45760,Mid-Level,Fully Remote,PHL,10131.346369794,4.516675112049341
2020,106000,Mid-Level,Fully Remote,USA,77860.9112908848,1.36140199546328
2020,188000,Senior-Level,Fully Remote,USA,77860.9112908848,2.414562029689591
2020,105000,Mid-Level,Fully Remote,USA,77860.9112908848,1.3485585804117397
2020,91000,Entry-Level,Fully Remote,USA,77860.9112908848,1.1687507696901744
2020,150000,Senior-Level,Hybrid,USA,77860.9112908848,1.9265122577310565
2020,72000,Entry-Level,Fully Remote,USA,77860.9112908848,0.9247258837109071
2020,190000,Senior-Level,Fully Remote,USA,77860.9112908848,2.4402488597926717
2020,135000,Mid-Level,Fully Remote,USA,77860.9112908848,1.733861031957951
2020,87000,Mid-Level,Fully Remote,USA,77860.9112908848,1.1173771094840128
2020,85000,Mid-Level,Fully Remote,USA,77860.9112908848,1.091690279380932
2020,56000,Mid-Level,Fully Remote,PRT,45250.0148759865,1.2375686539214457
2020,98000,Mid-Level,Onsite,USA,77860.9112908848,1.258654675050957
2020,325000,Executive-Level,Fully Remote,USA,77860.9112908848,4.174109891750622
2020,110000,Mid-Level,Fully Remote,USA,77860.9112908848,1.4127756556694415
2020,120000,Senior-Level,Hybrid,USA,77860.9112908848,1.5412098061848454
2020,60000,Senior-Level,Fully Remote,RUS,40938.98828125,1.4655955732907038
2020,190200,Senior-Level,Fully Remote,USA,77860.9112908848,2.4428175428029797
2020,118000,Mid-Level,Fully Remote,USA,77860.9112908848,1.5155229760817646
2020,138350,Mid-Level,Fully Remote,USA,77860.9112908848,1.7768864723806113
2020,130800,Mid-Level,Fully Remote,ESP,51398.9310403407,2.5448000056137547
2020,412000,Senior-Level,Fully Remote,USA,77860.9112908848,5.291487001234636
2020,105000,Entry-Level,Fully Remote,USA,77860.9112908848,1.3485585804117397
2020,100000,Entry-Level,Fully Remote,USA,77860.9112908848,1.2843415051540377
2020,115000,Mid-Level,Onsite,ARE,75071.6586300351,1.5318697108683588
2020,22809,Entry-Level,Fully Remote,PRT,45250.0148759865,0.5040661326302546
2020,50180,Mid-Level,Onsite,PRT,45250.0148759865,1.1089499116746098
2020,125000,Senior-Level,Hybrid,NZL,54033.9130125651,2.313361980112978
2020,42000,Entry-Level,Hybrid,NLD,78630.3599072098,0.5341448271324639
2020,60000,Mid-Level,Onsite,NGA,8304.9581050353,7.2245999607899245
2020,33511,Senior-Level,Onsite,MEX,23135.4931601276,1.448467070403922
2020,100000,Entry-Level,Onsite,MUS,26874.4899927593,3.7210008460418282
2020,62726,Mid-Level,Hybrid,FRA,57042.9449013772,1.0996276596246628
2020,260000,Senior-Level,Onsite,JPN,47192.0500603372,5.509402530035845
2020,41689,Entry-Level,Fully Remote,JPN,47192.0500603372,0.8833903156717859
2020,21669,Entry-Level,Hybrid,ITA,57260.8945372493,0.3784258030741015
2020,40481,Mid-Level,Onsite,IND,9207.12743040145,4.396702479248182
2020,35735,Mid-Level,Hybrid,HUN,44365.9108128343,0.8054607545589366
2020,45618,Senior-Level,Fully Remote,HRV,42125.0726930931,1.082918012565937
2020,20000,Mid-Level,Onsite,HND,6805.49358294554,2.9388022714648776
2020,47899,Senior-Level,Hybrid,GRC,39612.4406377916,1.2091908306781467
2020,112872,Mid-Level,Hybrid,GBR,59021.5721805914,1.9123855199017679
2020,76958,Mid-Level,Fully Remote,GBR,59021.5721805914,1.3038961375770806
2020,109024,Senior-Level,Hybrid,GBR,59021.5721805914,1.8471890187271451
2020,114047,Senior-Level,Fully Remote,POL,46777.5524519162,2.438071126471008
2020,46759,Mid-Level,Hybrid,FRA,57042.9449013772,0.8197157436531838
2020,70139,Mid-Level,Hybrid,FRA,57042.9449013772,1.2295823808056343
2020,51321,Entry-Level,Onsite,FRA,57042.9449013772,0.899690576787892
2020,39916,Entry-Level,Onsite,FRA,57042.9449013772,0.6997534939511213
2020,42197,Mid-Level,Hybrid,FRA,57042.9449013772,0.7397409105184755
2020,79833,Executive-Level,Hybrid,ESP,51398.9310403407,1.5532035080134776
2020,38776,Mid-Level,Fully Remote,ESP,51398.9310403407,0.7544125765877595
2020,45896,Entry-Level,Hybrid,DNK,78913.6534913127,0.5815977079942511
2020,47899,Entry-Level,Onsite,DEU,69048.9884036885,0.6936958977583124
2020,49268,Entry-Level,Onsite,DEU,69048.9884036885,0.713522401109763
2020,54742,Entry-Level,Fully Remote,PAK,5920.27430654107,9.24653101622636
2020,59303,Mid-Level,Fully Remote,DEU,69048.9884036885,0.8588540016443182
2020,15966,Entry-Level,Fully Remote,DEU,69048.9884036885,0.2312271384289696
2020,79833,Mid-Level,Onsite,DEU,69048.9884036885,1.1561791395590588
2020,62726,Entry-Level,Hybrid,DEU,69048.9884036885,0.9084275012586464
2020,148261,Senior-Level,Fully Remote,DEU,69048.9884036885,2.1471856927607083
2020,44753,Entry-Level,Hybrid,CAN,63944.1050100687,0.6998768689147052
2020,15000,Executive-Level,Onsite,NGA,8304.9581050353,1.8061499901974811
2020,117104,Senior-Level,Hybrid,CAN,63944.1050100687,1.831349425901898
2020,74130,Mid-Level,Hybrid,AUT,72065.4974270106,1.0286475865247495
2020,91237,Senior-Level,Onsite,AUT,72065.4974270106,1.266028866204756
